,CLIENTE,Fecha,Consumo,Periodo,Clase,Estrato,Tipo Conex,Localidad Lec,Tarifa,Sector,Vigencia,TARIFA_Subsidiada,TARIFA_Plena,TARIFA_TOTAL,Fecha_Formatted,Costo
112600,979385211576,20180101,1182,201801,Residencial,1.0,M,USME,R_1,Residencial,17/01/2018,200.2265,447.2392,200.2265,Jan 01 2018,236667.723
112601,979385211576,20180102,1331,201801,Residencial,1.0,M,USME,R_1,Residencial,17/01/2018,200.2265,447.2392,200.2265,Jan 02 2018,266501.4715
112602,979385211576,20180103,1272,201801,Residencial,1.0,M,USME,R_1,Residencial,17/01/2018,200.2265,447.2392,200.2265,Jan 03 2018,254688.10799999998
112603,979385211576,20180104,1734,201801,Residencial,1.0,M,USME,R_1,Residencial,17/01/2018,200.2265,447.2392,200.2265,Jan 04 2018,347192.751
112604,979385211576,20180105,1963,201801,Residencial,1.0,M,USME,R_1,Residencial,17/01/2018,200.2265,447.2392,200.2265,Jan 05 2018,393044.6195
112605,979385211576,20180106,2224,201801,Residencial,1.0,M,USME,R_1,Residencial,17/01/2018,200.2265,447.2392,200.2265,Jan 06 2018,445303.736
112606,979385211576,20180107,867,201801,Residencial,1.0,M,USME,R_1,Residencial,17/01/2018,200.2265,447.2392,200.2265,Jan 07 2018,173596.3755
112607,979385211576,20180108,809,201801,Residencial,1.0,M,USME,R_1,Residencial,17/01/2018,200.2265,447.2392,200.2265,Jan 08 2018,161983.23849999998
112608,979385211576,20180109,1066,201801,Residencial,1.0,M,USME,R_1,Residencial,17/01/2018,200.2265,447.2392,200.2265,Jan 09 2018,213441.449
112609,979385211576,20180110,2622,201801,Residencial,1.0,M,USME,R_1,Residencial,17/01/2018,200.2265,447.2392,200.2265,Jan 10 2018,524993.8829999999
112610,979385211576,20180111,2428,201801,Residencial,1.0,M,USME,R_1,Residencial,17/01/2018,200.2265,447.2392,200.2265,Jan 11 2018,486149.942
112611,979385211576,20180112,2764,201801,Residencial,1.0,M,USME,R_1,Residencial,17/01/2018,200.2265,447.2392,200.2265,Jan 12 2018,553426.046
112612,979385211576,20180113,3311,201801,Residencial,1.0,M,USME,R_1,Residencial,17/01/2018,200.2265,447.2392,200.2265,Jan 13 2018,662949.9415
112613,979385211576,20180114,2316,201801,Residencial,1.0,M,USME,R_1,Residencial,17/01/2018,200.2265,447.2392,200.2265,Jan 14 2018,463724.57399999996
112614,979385211576,20180115,3765,201801,Residencial,1.0,M,USME,R_1,Residencial,17/01/2018,200.2265,447.2392,200.2265,Jan 15 2018,753852.7725
112615,979385211576,20180116,4403,201801,Residencial,1.0,M,USME,R_1,Residencial,17/01/2018,200.2265,447.2392,200.2265,Jan 16 2018,881597.2795
112616,979385211576,20180117,3432,201801,Residencial,1.0,M,USME,R_1,Residencial,17/01/2018,200.2265,447.2392,200.2265,Jan 17 2018,687177.348
112617,979385211576,20180118,2838,201801,Residencial,1.0,M,USME,R_1,Residencial,17/01/2018,200.2265,447.2392,200.2265,Jan 18 2018,568242.8069999999
112618,979385211576,20180119,2486,201801,Residencial,1.0,M,USME,R_1,Residencial,17/01/2018,200.2265,447.2392,200.2265,Jan 19 2018,497763.07899999997
112619,979385211576,20180120,2595,201801,Residencial,1.0,M,USME,R_1,Residencial,17/01/2018,200.2265,447.2392,200.2265,Jan 20 2018,519587.76749999996
112620,979385211576,20180121,2916,201801,Residencial,1.0,M,USME,R_1,Residencial,17/01/2018,200.2265,447.2392,200.2265,Jan 21 2018,583860.4739999999
112621,979385211576,20180122,2298,201801,Residencial,1.0,M,USME,R_1,Residencial,17/01/2018,200.2265,447.2392,200.2265,Jan 22 2018,460120.497
112622,979385211576,20180123,1636,201801,Residencial,1.0,M,USME,R_1,Residencial,17/01/2018,200.2265,447.2392,200.2265,Jan 23 2018,327570.554
112623,979385211576,20180124,1928,201801,Residencial,1.0,M,USME,R_1,Residencial,17/01/2018,200.2265,447.2392,200.2265,Jan 24 2018,386036.692
112624,979385211576,20180125,1899,201801,Residencial,1.0,M,USME,R_1,Residencial,17/01/2018,200.2265,447.2392,200.2265,Jan 25 2018,380230.1235
112625,979385211576,20180126,2037,201801,Residencial,1.0,M,USME,R_1,Residencial,17/01/2018,200.2265,447.2392,200.2265,Jan 26 2018,407861.38049999997
112626,979385211576,20180127,2431,201801,Residencial,1.0,M,USME,R_1,Residencial,17/01/2018,200.2265,447.2392,200.2265,Jan 27 2018,486750.62149999995
112627,979385211576,20180128,3260,201801,Residencial,1.0,M,USME,R_1,Residencial,17/01/2018,200.2265,447.2392,200.2265,Jan 28 2018,652738.39
112628,979385211576,20180129,1653,201801,Residencial,1.0,M,USME,R_1,Residencial,17/01/2018,200.2265,447.2392,200.2265,Jan 29 2018,330974.4045
112629,979385211576,20180130,1657,201801,Residencial,1.0,M,USME,R_1,Residencial,17/01/2018,200.2265,447.2392,200.2265,Jan 30 2018,331775.31049999996
112630,979385211576,20180131,2024,201801,Residencial,1.0,M,USME,R_1,Residencial,17/01/2018,200.2265,447.2392,200.2265,Jan 31 2018,405258.436
112631,979385211576,20180201,2436,201802,Residencial,1.0,M,USME,R_1,Residencial,21/02/2018,201.4811,476.2715,201.4811,Feb 01 2018,490807.9596
112632,979385211576,20180202,1991,201802,Residencial,1.0,M,USME,R_1,Residencial,21/02/2018,201.4811,476.2715,201.4811,Feb 02 2018,401148.8701
112633,979385211576,20180203,3238,201802,Residencial,1.0,M,USME,R_1,Residencial,21/02/2018,201.4811,476.2715,201.4811,Feb 03 2018,652395.8018
112634,979385211576,20180204,3055,201802,Residencial,1.0,M,USME,R_1,Residencial,21/02/2018,201.4811,476.2715,201.4811,Feb 04 2018,615524.7605
112635,979385211576,20180205,2546,201802,Residencial,1.0,M,USME,R_1,Residencial,21/02/2018,201.4811,476.2715,201.4811,Feb 05 2018,512970.8806
112636,979385211576,20180206,2365,201802,Residencial,1.0,M,USME,R_1,Residencial,21/02/2018,201.4811,476.2715,201.4811,Feb 06 2018,476502.8015
112637,979385211576,20180207,3316,201802,Residencial,1.0,M,USME,R_1,Residencial,21/02/2018,201.4811,476.2715,201.4811,Feb 07 2018,668111.3276
112638,979385211576,20180208,1606,201802,Residencial,1.0,M,USME,R_1,Residencial,21/02/2018,201.4811,476.2715,201.4811,Feb 08 2018,323578.6466
112639,979385211576,20180209,2192,201802,Residencial,1.0,M,USME,R_1,Residencial,21/02/2018,201.4811,476.2715,201.4811,Feb 09 2018,441646.5712
112640,979385211576,20180210,2891,201802,Residencial,1.0,M,USME,R_1,Residencial,21/02/2018,201.4811,476.2715,201.4811,Feb 10 2018,582481.8601
112641,979385211576,20180211,3312,201802,Residencial,1.0,M,USME,R_1,Residencial,21/02/2018,201.4811,476.2715,201.4811,Feb 11 2018,667305.4032
112642,979385211576,20180212,2366,201802,Residencial,1.0,M,USME,R_1,Residencial,21/02/2018,201.4811,476.2715,201.4811,Feb 12 2018,476704.2826
112643,979385211576,20180213,2506,201802,Residencial,1.0,M,USME,R_1,Residencial,21/02/2018,201.4811,476.2715,201.4811,Feb 13 2018,504911.63659999997
112644,979385211576,20180214,2362,201802,Residencial,1.0,M,USME,R_1,Residencial,21/02/2018,201.4811,476.2715,201.4811,Feb 14 2018,475898.3582
112645,979385211576,20180215,2391,201802,Residencial,1.0,M,USME,R_1,Residencial,21/02/2018,201.4811,476.2715,201.4811,Feb 15 2018,481741.3101
112646,979385211576,20180216,2180,201802,Residencial,1.0,M,USME,R_1,Residencial,21/02/2018,201.4811,476.2715,201.4811,Feb 16 2018,439228.798
112647,979385211576,20180217,2973,201802,Residencial,1.0,M,USME,R_1,Residencial,21/02/2018,201.4811,476.2715,201.4811,Feb 17 2018,599003.3103
112648,979385211576,20180218,2571,201802,Residencial,1.0,M,USME,R_1,Residencial,21/02/2018,201.4811,476.2715,201.4811,Feb 18 2018,518007.9081
112649,979385211576,20180219,3215,201802,Residencial,1.0,M,USME,R_1,Residencial,21/02/2018,201.4811,476.2715,201.4811,Feb 19 2018,647761.7365
112650,979385211576,20180220,2838,201802,Residencial,1.0,M,USME,R_1,Residencial,21/02/2018,201.4811,476.2715,201.4811,Feb 20 2018,571803.3618
112651,979385211576,20180221,3119,201802,Residencial,1.0,M,USME,R_1,Residencial,21/02/2018,201.4811,476.2715,201.4811,Feb 21 2018,628419.5509
112652,979385211576,20180222,2663,201802,Residencial,1.0,M,USME,R_1,Residencial,21/02/2018,201.4811,476.2715,201.4811,Feb 22 2018,536544.1693
112653,979385211576,20180223,3266,201802,Residencial,1.0,M,USME,R_1,Residencial,21/02/2018,201.4811,476.2715,201.4811,Feb 23 2018,658037.2726
112654,979385211576,20180224,3502,201802,Residencial,1.0,M,USME,R_1,Residencial,21/02/2018,201.4811,476.2715,201.4811,Feb 24 2018,705586.8122
112655,979385211576,20180225,3270,201802,Residencial,1.0,M,USME,R_1,Residencial,21/02/2018,201.4811,476.2715,201.4811,Feb 25 2018,658843.197
112656,979385211576,20180226,2281,201802,Residencial,1.0,M,USME,R_1,Residencial,21/02/2018,201.4811,476.2715,201.4811,Feb 26 2018,459578.3891
112657,979385211576,20180227,2338,201802,Residencial,1.0,M,USME,R_1,Residencial,21/02/2018,201.4811,476.2715,201.4811,Feb 27 2018,471062.81179999997
112658,979385211576,20180228,2742,201802,Residencial,1.0,M,USME,R_1,Residencial,21/02/2018,201.4811,476.2715,201.4811,Feb 28 2018,552461.1762
112659,979385211576,20180301,2398,201803,Residencial,1.0,M,USME,R_1,Residencial,17/03/2018,202.9087,498.3759,202.9087,Mar 01 2018,486575.0626
112660,979385211576,20180302,3568,201803,Residencial,1.0,M,USME,R_1,Residencial,17/03/2018,202.9087,498.3759,202.9087,Mar 02 2018,723978.2416000001
112661,979385211576,20180303,3201,201803,Residencial,1.0,M,USME,R_1,Residencial,17/03/2018,202.9087,498.3759,202.9087,Mar 03 2018,649510.7487
112662,979385211576,20180304,3403,201803,Residencial,1.0,M,USME,R_1,Residencial,17/03/2018,202.9087,498.3759,202.9087,Mar 04 2018,690498.3061
112663,979385211576,20180305,2207,201803,Residencial,1.0,M,USME,R_1,Residencial,17/03/2018,202.9087,498.3759,202.9087,Mar 05 2018,447819.50090000004
112664,979385211576,20180306,2407,201803,Residencial,1.0,M,USME,R_1,Residencial,17/03/2018,202.9087,498.3759,202.9087,Mar 06 2018,488401.24090000003
112665,979385211576,20180307,2231,201803,Residencial,1.0,M,USME,R_1,Residencial,17/03/2018,202.9087,498.3759,202.9087,Mar 07 2018,452689.30970000004
112666,979385211576,20180308,2593,201803,Residencial,1.0,M,USME,R_1,Residencial,17/03/2018,202.9087,498.3759,202.9087,Mar 08 2018,526142.2591
112667,979385211576,20180309,3401,201803,Residencial,1.0,M,USME,R_1,Residencial,17/03/2018,202.9087,498.3759,202.9087,Mar 09 2018,690092.4887
112668,979385211576,20180310,3168,201803,Residencial,1.0,M,USME,R_1,Residencial,17/03/2018,202.9087,498.3759,202.9087,Mar 10 2018,642814.7616000001
112669,979385211576,20180311,2647,201803,Residencial,1.0,M,USME,R_1,Residencial,17/03/2018,202.9087,498.3759,202.9087,Mar 11 2018,537099.3289000001
112670,979385211576,20180312,2979,201803,Residencial,1.0,M,USME,R_1,Residencial,17/03/2018,202.9087,498.3759,202.9087,Mar 12 2018,604465.0173000001
112671,979385211576,20180313,2773,201803,Residencial,1.0,M,USME,R_1,Residencial,17/03/2018,202.9087,498.3759,202.9087,Mar 13 2018,562665.8251
112672,979385211576,20180314,2242,201803,Residencial,1.0,M,USME,R_1,Residencial,17/03/2018,202.9087,498.3759,202.9087,Mar 14 2018,454921.3054
112673,979385211576,20180315,2285,201803,Residencial,1.0,M,USME,R_1,Residencial,17/03/2018,202.9087,498.3759,202.9087,Mar 15 2018,463646.37950000004
112674,979385211576,20180316,2692,201803,Residencial,1.0,M,USME,R_1,Residencial,17/03/2018,202.9087,498.3759,202.9087,Mar 16 2018,546230.2204
112675,979385211576,20180317,2910,201803,Residencial,1.0,M,USME,R_1,Residencial,17/03/2018,202.9087,498.3759,202.9087,Mar 17 2018,590464.317
112676,979385211576,20180318,3670,201803,Residencial,1.0,M,USME,R_1,Residencial,17/03/2018,202.9087,498.3759,202.9087,Mar 18 2018,744674.929
112677,979385211576,20180319,2605,201803,Residencial,1.0,M,USME,R_1,Residencial,17/03/2018,202.9087,498.3759,202.9087,Mar 19 2018,528577.1635
112678,979385211576,20180320,2243,201803,Residencial,1.0,M,USME,R_1,Residencial,17/03/2018,202.9087,498.3759,202.9087,Mar 20 2018,455124.21410000004
112679,979385211576,20180321,2174,201803,Residencial,1.0,M,USME,R_1,Residencial,17/03/2018,202.9087,498.3759,202.9087,Mar 21 2018,441123.5138
112680,979385211576,20180322,2305,201803,Residencial,1.0,M,USME,R_1,Residencial,17/03/2018,202.9087,498.3759,202.9087,Mar 22 2018,467704.55350000004
112681,979385211576,20180323,2921,201803,Residencial,1.0,M,USME,R_1,Residencial,17/03/2018,202.9087,498.3759,202.9087,Mar 23 2018,592696.3127
112682,979385211576,20180324,3278,201803,Residencial,1.0,M,USME,R_1,Residencial,17/03/2018,202.9087,498.3759,202.9087,Mar 24 2018,665134.7186
112683,979385211576,20180325,3224,201803,Residencial,1.0,M,USME,R_1,Residencial,17/03/2018,202.9087,498.3759,202.9087,Mar 25 2018,654177.6488000001
112684,979385211576,20180326,3085,201803,Residencial,1.0,M,USME,R_1,Residencial,17/03/2018,202.9087,498.3759,202.9087,Mar 26 2018,625973.3395
112685,979385211576,20180327,2867,201803,Residencial,1.0,M,USME,R_1,Residencial,17/03/2018,202.9087,498.3759,202.9087,Mar 27 2018,581739.2429000001
112686,979385211576,20180328,2127,201803,Residencial,1.0,M,USME,R_1,Residencial,17/03/2018,202.9087,498.3759,202.9087,Mar 28 2018,431586.80490000005
112687,979385211576,20180329,1942,201803,Residencial,1.0,M,USME,R_1,Residencial,17/03/2018,202.9087,498.3759,202.9087,Mar 29 2018,394048.6954
112688,979385211576,20180330,2758,201803,Residencial,1.0,M,USME,R_1,Residencial,17/03/2018,202.9087,498.3759,202.9087,Mar 30 2018,559622.1946
112689,979385211576,20180331,3884,201803,Residencial,1.0,M,USME,R_1,Residencial,17/03/2018,202.9087,498.3759,202.9087,Mar 31 2018,788097.3908
112690,979385211576,20180401,2569,201804,Residencial,1.0,M,USME,R_1,Residencial,18/04/2018,203.3990,494.0152,203.399,Apr 01 2018,522532.031
112691,979385211576,20180402,2822,201804,Residencial,1.0,M,USME,R_1,Residencial,18/04/2018,203.3990,494.0152,203.399,Apr 02 2018,573991.978
112692,979385211576,20180403,2638,201804,Residencial,1.0,M,USME,R_1,Residencial,18/04/2018,203.3990,494.0152,203.399,Apr 03 2018,536566.562
112693,979385211576,20180404,2667,201804,Residencial,1.0,M,USME,R_1,Residencial,18/04/2018,203.3990,494.0152,203.399,Apr 04 2018,542465.133
112694,979385211576,20180405,2220,201804,Residencial,1.0,M,USME,R_1,Residencial,18/04/2018,203.3990,494.0152,203.399,Apr 05 2018,451545.78
112695,979385211576,20180406,2763,201804,Residencial,1.0,M,USME,R_1,Residencial,18/04/2018,203.3990,494.0152,203.399,Apr 06 2018,561991.437
112696,979385211576,20180407,2728,201804,Residencial,1.0,M,USME,R_1,Residencial,18/04/2018,203.3990,494.0152,203.399,Apr 07 2018,554872.472
112697,979385211576,20180408,4209,201804,Residencial,1.0,M,USME,R_1,Residencial,18/04/2018,203.3990,494.0152,203.399,Apr 08 2018,856106.3910000001
112698,979385211576,20180409,3599,201804,Residencial,1.0,M,USME,R_1,Residencial,18/04/2018,203.3990,494.0152,203.399,Apr 09 2018,732033.001
112699,979385211576,20180410,3086,201804,Residencial,1.0,M,USME,R_1,Residencial,18/04/2018,203.3990,494.0152,203.399,Apr 10 2018,627689.314
112700,979385211576,20180411,2453,201804,Residencial,1.0,M,USME,R_1,Residencial,18/04/2018,203.3990,494.0152,203.399,Apr 11 2018,498937.747
112701,979385211576,20180412,2106,201804,Residencial,1.0,M,USME,R_1,Residencial,18/04/2018,203.3990,494.0152,203.399,Apr 12 2018,428358.294
112702,979385211576,20180413,2766,201804,Residencial,1.0,M,USME,R_1,Residencial,18/04/2018,203.3990,494.0152,203.399,Apr 13 2018,562601.634
112703,979385211576,20180414,2954,201804,Residencial,1.0,M,USME,R_1,Residencial,18/04/2018,203.3990,494.0152,203.399,Apr 14 2018,600840.646
112704,979385211576,20180415,2967,201804,Residencial,1.0,M,USME,R_1,Residencial,18/04/2018,203.3990,494.0152,203.399,Apr 15 2018,603484.833
112705,979385211576,20180416,2097,201804,Residencial,1.0,M,USME,R_1,Residencial,18/04/2018,203.3990,494.0152,203.399,Apr 16 2018,426527.703
112706,979385211576,20180417,2675,201804,Residencial,1.0,M,USME,R_1,Residencial,18/04/2018,203.3990,494.0152,203.399,Apr 17 2018,544092.325
112707,979385211576,20180418,2360,201804,Residencial,1.0,M,USME,R_1,Residencial,18/04/2018,203.3990,494.0152,203.399,Apr 18 2018,480021.64
112708,979385211576,20180419,2449,201804,Residencial,1.0,M,USME,R_1,Residencial,18/04/2018,203.3990,494.0152,203.399,Apr 19 2018,498124.151
112709,979385211576,20180420,2528,201804,Residencial,1.0,M,USME,R_1,Residencial,18/04/2018,203.3990,494.0152,203.399,Apr 20 2018,514192.672
112710,979385211576,20180421,3105,201804,Residencial,1.0,M,USME,R_1,Residencial,18/04/2018,203.3990,494.0152,203.399,Apr 21 2018,631553.895
112711,979385211576,20180422,2883,201804,Residencial,1.0,M,USME,R_1,Residencial,18/04/2018,203.3990,494.0152,203.399,Apr 22 2018,586399.317
112712,979385211576,20180423,2333,201804,Residencial,1.0,M,USME,R_1,Residencial,18/04/2018,203.3990,494.0152,203.399,Apr 23 2018,474529.867
112713,979385211576,20180424,2551,201804,Residencial,1.0,M,USME,R_1,Residencial,18/04/2018,203.3990,494.0152,203.399,Apr 24 2018,518870.849
112714,979385211576,20180425,2751,201804,Residencial,1.0,M,USME,R_1,Residencial,18/04/2018,203.3990,494.0152,203.399,Apr 25 2018,559550.649
112715,979385211576,20180426,2351,201804,Residencial,1.0,M,USME,R_1,Residencial,18/04/2018,203.3990,494.0152,203.399,Apr 26 2018,478191.049
112716,979385211576,20180427,3186,201804,Residencial,1.0,M,USME,R_1,Residencial,18/04/2018,203.3990,494.0152,203.399,Apr 27 2018,648029.214
112717,979385211576,20180428,2050,201804,Residencial,1.0,M,USME,R_1,Residencial,18/04/2018,203.3990,494.0152,203.399,Apr 28 2018,416967.95
112718,979385211576,20180429,3524,201804,Residencial,1.0,M,USME,R_1,Residencial,18/04/2018,203.3990,494.0152,203.399,Apr 29 2018,716778.076
112719,979385211576,20180430,3027,201804,Residencial,1.0,M,USME,R_1,Residencial,18/04/2018,203.3990,494.0152,203.399,Apr 30 2018,615688.773
112720,979385211576,20180501,3825,201805,Residencial,1.0,M,USME,R_1,Residencial,18/05/2018,204.3363,479.3389,204.3363,May 01 2018,781586.3475
112721,979385211576,20180502,2804,201805,Residencial,1.0,M,USME,R_1,Residencial,18/05/2018,204.3363,479.3389,204.3363,May 02 2018,572958.9852
112722,979385211576,20180503,2695,201805,Residencial,1.0,M,USME,R_1,Residencial,18/05/2018,204.3363,479.3389,204.3363,May 03 2018,550686.3285
112723,979385211576,20180504,2614,201805,Residencial,1.0,M,USME,R_1,Residencial,18/05/2018,204.3363,479.3389,204.3363,May 04 2018,534135.0882
112724,979385211576,20180505,3403,201805,Residencial,1.0,M,USME,R_1,Residencial,18/05/2018,204.3363,479.3389,204.3363,May 05 2018,695356.4288999999
112725,979385211576,20180506,2726,201805,Residencial,1.0,M,USME,R_1,Residencial,18/05/2018,204.3363,479.3389,204.3363,May 06 2018,557020.7538
112726,979385211576,20180507,2204,201805,Residencial,1.0,M,USME,R_1,Residencial,18/05/2018,204.3363,479.3389,204.3363,May 07 2018,450357.20519999997
112727,979385211576,20180508,2434,201805,Residencial,1.0,M,USME,R_1,Residencial,18/05/2018,204.3363,479.3389,204.3363,May 08 2018,497354.5542
112728,979385211576,20180509,2928,201805,Residencial,1.0,M,USME,R_1,Residencial,18/05/2018,204.3363,479.3389,204.3363,May 09 2018,598296.6864
112729,979385211576,20180510,2713,201805,Residencial,1.0,M,USME,R_1,Residencial,18/05/2018,204.3363,479.3389,204.3363,May 10 2018,554364.3819
112730,979385211576,20180511,2789,201805,Residencial,1.0,M,USME,R_1,Residencial,18/05/2018,204.3363,479.3389,204.3363,May 11 2018,569893.9407
112731,979385211576,20180512,3065,201805,Residencial,1.0,M,USME,R_1,Residencial,18/05/2018,204.3363,479.3389,204.3363,May 12 2018,626290.7594999999
112732,979385211576,20180513,2271,201805,Residencial,1.0,M,USME,R_1,Residencial,18/05/2018,204.3363,479.3389,204.3363,May 13 2018,464047.7373
112733,979385211576,20180514,3232,201805,Residencial,1.0,M,USME,R_1,Residencial,18/05/2018,204.3363,479.3389,204.3363,May 14 2018,660414.9216
112734,979385211576,20180515,2382,201805,Residencial,1.0,M,USME,R_1,Residencial,18/05/2018,204.3363,479.3389,204.3363,May 15 2018,486729.06659999996
112735,979385211576,20180516,2648,201805,Residencial,1.0,M,USME,R_1,Residencial,18/05/2018,204.3363,479.3389,204.3363,May 16 2018,541082.5224
112736,979385211576,20180517,2423,201805,Residencial,1.0,M,USME,R_1,Residencial,18/05/2018,204.3363,479.3389,204.3363,May 17 2018,495106.8549
112737,979385211576,20180518,2945,201805,Residencial,1.0,M,USME,R_1,Residencial,18/05/2018,204.3363,479.3389,204.3363,May 18 2018,601770.4035
112738,979385211576,20180519,2172,201805,Residencial,1.0,M,USME,R_1,Residencial,18/05/2018,204.3363,479.3389,204.3363,May 19 2018,443818.4436
112739,979385211576,20180520,3159,201805,Residencial,1.0,M,USME,R_1,Residencial,18/05/2018,204.3363,479.3389,204.3363,May 20 2018,645498.3717
112740,979385211576,20180521,3312,201805,Residencial,1.0,M,USME,R_1,Residencial,18/05/2018,204.3363,479.3389,204.3363,May 21 2018,676761.8256
112741,979385211576,20180522,3005,201805,Residencial,1.0,M,USME,R_1,Residencial,18/05/2018,204.3363,479.3389,204.3363,May 22 2018,614030.5815
112742,979385211576,20180523,2236,201805,Residencial,1.0,M,USME,R_1,Residencial,18/05/2018,204.3363,479.3389,204.3363,May 23 2018,456895.9668
112743,979385211576,20180524,2248,201805,Residencial,1.0,M,USME,R_1,Residencial,18/05/2018,204.3363,479.3389,204.3363,May 24 2018,459348.0024
112744,979385211576,20180525,2919,201805,Residencial,1.0,M,USME,R_1,Residencial,18/05/2018,204.3363,479.3389,204.3363,May 25 2018,596457.6597
112745,979385211576,20180526,3607,201805,Residencial,1.0,M,USME,R_1,Residencial,18/05/2018,204.3363,479.3389,204.3363,May 26 2018,737041.0340999999
112746,979385211576,20180527,3198,201805,Residencial,1.0,M,USME,R_1,Residencial,18/05/2018,204.3363,479.3389,204.3363,May 27 2018,653467.4874
112747,979385211576,20180528,2290,201805,Residencial,1.0,M,USME,R_1,Residencial,18/05/2018,204.3363,479.3389,204.3363,May 28 2018,467930.127
112748,979385211576,20180529,2559,201805,Residencial,1.0,M,USME,R_1,Residencial,18/05/2018,204.3363,479.3389,204.3363,May 29 2018,522896.5917
112749,979385211576,20180530,2911,201805,Residencial,1.0,M,USME,R_1,Residencial,18/05/2018,204.3363,479.3389,204.3363,May 30 2018,594822.9693
112750,979385211576,20180531,2439,201805,Residencial,1.0,M,USME,R_1,Residencial,18/05/2018,204.3363,479.3389,204.3363,May 31 2018,498376.23569999996
112751,979385211576,20180601,2998,201806,Residencial,1.0,M,USME,R_1,Residencial,18/06/2018,204.8554,494.1228,204.8554,Jun 01 2018,614156.4892
112752,979385211576,20180602,2611,201806,Residencial,1.0,M,USME,R_1,Residencial,18/06/2018,204.8554,494.1228,204.8554,Jun 02 2018,534877.4494
112753,979385211576,20180603,2938,201806,Residencial,1.0,M,USME,R_1,Residencial,18/06/2018,204.8554,494.1228,204.8554,Jun 03 2018,601865.1652
112754,979385211576,20180604,3513,201806,Residencial,1.0,M,USME,R_1,Residencial,18/06/2018,204.8554,494.1228,204.8554,Jun 04 2018,719657.0202
112755,979385211576,20180605,3170,201806,Residencial,1.0,M,USME,R_1,Residencial,18/06/2018,204.8554,494.1228,204.8554,Jun 05 2018,649391.618
112756,979385211576,20180606,3339,201806,Residencial,1.0,M,USME,R_1,Residencial,18/06/2018,204.8554,494.1228,204.8554,Jun 06 2018,684012.1806
112757,979385211576,20180607,2300,201806,Residencial,1.0,M,USME,R_1,Residencial,18/06/2018,204.8554,494.1228,204.8554,Jun 07 2018,471167.42
112758,979385211576,20180608,3079,201806,Residencial,1.0,M,USME,R_1,Residencial,18/06/2018,204.8554,494.1228,204.8554,Jun 08 2018,630749.7766
112759,979385211576,20180609,3405,201806,Residencial,1.0,M,USME,R_1,Residencial,18/06/2018,204.8554,494.1228,204.8554,Jun 09 2018,697532.637
112760,979385211576,20180610,3381,201806,Residencial,1.0,M,USME,R_1,Residencial,18/06/2018,204.8554,494.1228,204.8554,Jun 10 2018,692616.1074
112761,979385211576,20180611,3057,201806,Residencial,1.0,M,USME,R_1,Residencial,18/06/2018,204.8554,494.1228,204.8554,Jun 11 2018,626242.9578
112762,979385211576,20180612,3413,201806,Residencial,1.0,M,USME,R_1,Residencial,18/06/2018,204.8554,494.1228,204.8554,Jun 12 2018,699171.4802
112763,979385211576,20180613,2734,201806,Residencial,1.0,M,USME,R_1,Residencial,18/06/2018,204.8554,494.1228,204.8554,Jun 13 2018,560074.6636
112764,979385211576,20180614,3524,201806,Residencial,1.0,M,USME,R_1,Residencial,18/06/2018,204.8554,494.1228,204.8554,Jun 14 2018,721910.4296
112765,979385211576,20180615,3587,201806,Residencial,1.0,M,USME,R_1,Residencial,18/06/2018,204.8554,494.1228,204.8554,Jun 15 2018,734816.3198
112766,979385211576,20180616,3461,201806,Residencial,1.0,M,USME,R_1,Residencial,18/06/2018,204.8554,494.1228,204.8554,Jun 16 2018,709004.5394
112767,979385211576,20180617,2665,201806,Residencial,1.0,M,USME,R_1,Residencial,18/06/2018,204.8554,494.1228,204.8554,Jun 17 2018,545939.6410000001
112768,979385211576,20180618,2249,201806,Residencial,1.0,M,USME,R_1,Residencial,18/06/2018,204.8554,494.1228,204.8554,Jun 18 2018,460719.7946
112769,979385211576,20180619,2388,201806,Residencial,1.0,M,USME,R_1,Residencial,18/06/2018,204.8554,494.1228,204.8554,Jun 19 2018,489194.6952
112770,979385211576,20180620,3103,201806,Residencial,1.0,M,USME,R_1,Residencial,18/06/2018,204.8554,494.1228,204.8554,Jun 20 2018,635666.3062
112771,979385211576,20180621,2556,201806,Residencial,1.0,M,USME,R_1,Residencial,18/06/2018,204.8554,494.1228,204.8554,Jun 21 2018,523610.4024
112772,979385211576,20180622,2241,201806,Residencial,1.0,M,USME,R_1,Residencial,18/06/2018,204.8554,494.1228,204.8554,Jun 22 2018,459080.9514
112773,979385211576,20180623,2682,201806,Residencial,1.0,M,USME,R_1,Residencial,18/06/2018,204.8554,494.1228,204.8554,Jun 23 2018,549422.1828
112774,979385211576,20180624,2121,201806,Residencial,1.0,M,USME,R_1,Residencial,18/06/2018,204.8554,494.1228,204.8554,Jun 24 2018,434498.30340000003
112775,979385211576,20180625,1923,201806,Residencial,1.0,M,USME,R_1,Residencial,18/06/2018,204.8554,494.1228,204.8554,Jun 25 2018,393936.9342
112776,979385211576,20180626,1837,201806,Residencial,1.0,M,USME,R_1,Residencial,18/06/2018,204.8554,494.1228,204.8554,Jun 26 2018,376319.3698
112777,979385211576,20180627,2845,201806,Residencial,1.0,M,USME,R_1,Residencial,18/06/2018,204.8554,494.1228,204.8554,Jun 27 2018,582813.613
112778,979385211576,20180628,2098,201806,Residencial,1.0,M,USME,R_1,Residencial,18/06/2018,204.8554,494.1228,204.8554,Jun 28 2018,429786.6292
112779,979385211576,20180629,2027,201806,Residencial,1.0,M,USME,R_1,Residencial,18/06/2018,204.8554,494.1228,204.8554,Jun 29 2018,415241.8958
112780,979385211576,20180630,2067,201806,Residencial,1.0,M,USME,R_1,Residencial,18/06/2018,204.8554,494.1228,204.8554,Jun 30 2018,423436.1118
112781,979385211576,20180701,2153,201807,Residencial,1.0,M,USME,R_1,Residencial,18/07/2018,205.1726,503.3308,205.1726,Jul 01 2018,441736.6078
112782,979385211576,20180702,2879,201807,Residencial,1.0,M,USME,R_1,Residencial,18/07/2018,205.1726,503.3308,205.1726,Jul 02 2018,590691.9153999999
112783,979385211576,20180703,3314,201807,Residencial,1.0,M,USME,R_1,Residencial,18/07/2018,205.1726,503.3308,205.1726,Jul 03 2018,679941.9964
112784,979385211576,20180704,2205,201807,Residencial,1.0,M,USME,R_1,Residencial,18/07/2018,205.1726,503.3308,205.1726,Jul 04 2018,452405.583
112785,979385211576,20180705,2303,201807,Residencial,1.0,M,USME,R_1,Residencial,18/07/2018,205.1726,503.3308,205.1726,Jul 05 2018,472512.49779999995
112786,979385211576,20180706,2511,201807,Residencial,1.0,M,USME,R_1,Residencial,18/07/2018,205.1726,503.3308,205.1726,Jul 06 2018,515188.39859999996
112787,979385211576,20180707,3324,201807,Residencial,1.0,M,USME,R_1,Residencial,18/07/2018,205.1726,503.3308,205.1726,Jul 07 2018,681993.7224
112788,979385211576,20180708,2558,201807,Residencial,1.0,M,USME,R_1,Residencial,18/07/2018,205.1726,503.3308,205.1726,Jul 08 2018,524831.5107999999
112789,979385211576,20180709,2380,201807,Residencial,1.0,M,USME,R_1,Residencial,18/07/2018,205.1726,503.3308,205.1726,Jul 09 2018,488310.788
112790,979385211576,20180710,2674,201807,Residencial,1.0,M,USME,R_1,Residencial,18/07/2018,205.1726,503.3308,205.1726,Jul 10 2018,548631.5324
112791,979385211576,20180711,2829,201807,Residencial,1.0,M,USME,R_1,Residencial,18/07/2018,205.1726,503.3308,205.1726,Jul 11 2018,580433.2853999999
112792,979385211576,20180712,2337,201807,Residencial,1.0,M,USME,R_1,Residencial,18/07/2018,205.1726,503.3308,205.1726,Jul 12 2018,479488.3662
112793,979385211576,20180713,2751,201807,Residencial,1.0,M,USME,R_1,Residencial,18/07/2018,205.1726,503.3308,205.1726,Jul 13 2018,564429.8226
112794,979385211576,20180714,2699,201807,Residencial,1.0,M,USME,R_1,Residencial,18/07/2018,205.1726,503.3308,205.1726,Jul 14 2018,553760.8474
112795,979385211576,20180715,2088,201807,Residencial,1.0,M,USME,R_1,Residencial,18/07/2018,205.1726,503.3308,205.1726,Jul 15 2018,428400.38879999996
112796,979385211576,20180716,4254,201807,Residencial,1.0,M,USME,R_1,Residencial,18/07/2018,205.1726,503.3308,205.1726,Jul 16 2018,872804.2403999999
112797,979385211576,20180717,2450,201807,Residencial,1.0,M,USME,R_1,Residencial,18/07/2018,205.1726,503.3308,205.1726,Jul 17 2018,502672.87
112798,979385211576,20180718,3655,201807,Residencial,1.0,M,USME,R_1,Residencial,18/07/2018,205.1726,503.3308,205.1726,Jul 18 2018,749905.853
112799,979385211576,20180719,1898,201807,Residencial,1.0,M,USME,R_1,Residencial,18/07/2018,205.1726,503.3308,205.1726,Jul 19 2018,389417.59479999996
112800,979385211576,20180720,3016,201807,Residencial,1.0,M,USME,R_1,Residencial,18/07/2018,205.1726,503.3308,205.1726,Jul 20 2018,618800.5616
112801,979385211576,20180721,1957,201807,Residencial,1.0,M,USME,R_1,Residencial,18/07/2018,205.1726,503.3308,205.1726,Jul 21 2018,401522.7782
112802,979385211576,20180722,2391,201807,Residencial,1.0,M,USME,R_1,Residencial,18/07/2018,205.1726,503.3308,205.1726,Jul 22 2018,490567.68659999996
112803,979385211576,20180723,2349,201807,Residencial,1.0,M,USME,R_1,Residencial,18/07/2018,205.1726,503.3308,205.1726,Jul 23 2018,481950.4374
112804,979385211576,20180724,2456,201807,Residencial,1.0,M,USME,R_1,Residencial,18/07/2018,205.1726,503.3308,205.1726,Jul 24 2018,503903.9056
112805,979385211576,20180725,2890,201807,Residencial,1.0,M,USME,R_1,Residencial,18/07/2018,205.1726,503.3308,205.1726,Jul 25 2018,592948.814
112806,979385211576,20180726,2451,201807,Residencial,1.0,M,USME,R_1,Residencial,18/07/2018,205.1726,503.3308,205.1726,Jul 26 2018,502878.0426
112807,979385211576,20180727,1922,201807,Residencial,1.0,M,USME,R_1,Residencial,18/07/2018,205.1726,503.3308,205.1726,Jul 27 2018,394341.7372
112808,979385211576,20180728,4312,201807,Residencial,1.0,M,USME,R_1,Residencial,18/07/2018,205.1726,503.3308,205.1726,Jul 28 2018,884704.2511999999
112809,979385211576,20180729,2251,201807,Residencial,1.0,M,USME,R_1,Residencial,18/07/2018,205.1726,503.3308,205.1726,Jul 29 2018,461843.52259999997
112810,979385211576,20180730,5805,201807,Residencial,1.0,M,USME,R_1,Residencial,18/07/2018,205.1726,503.3308,205.1726,Jul 30 2018,1191026.943
112811,979385211576,20180731,2196,201807,Residencial,1.0,M,USME,R_1,Residencial,18/07/2018,205.1726,503.3308,205.1726,Jul 31 2018,450559.02959999995
112812,979385211576,20180801,2230,201808,Residencial,1.0,M,USME,R_1,Residencial,18/08/2018,204.9130,508.1681,204.913,Aug 01 2018,456955.99000000005
112813,979385211576,20180802,1974,201808,Residencial,1.0,M,USME,R_1,Residencial,18/08/2018,204.9130,508.1681,204.913,Aug 02 2018,404498.26200000005
112814,979385211576,20180803,2211,201808,Residencial,1.0,M,USME,R_1,Residencial,18/08/2018,204.9130,508.1681,204.913,Aug 03 2018,453062.64300000004
112815,979385211576,20180804,2700,201808,Residencial,1.0,M,USME,R_1,Residencial,18/08/2018,204.9130,508.1681,204.913,Aug 04 2018,553265.1
112816,979385211576,20180805,2613,201808,Residencial,1.0,M,USME,R_1,Residencial,18/08/2018,204.9130,508.1681,204.913,Aug 05 2018,535437.669
112817,979385211576,20180806,1902,201808,Residencial,1.0,M,USME,R_1,Residencial,18/08/2018,204.9130,508.1681,204.913,Aug 06 2018,389744.526
112818,979385211576,20180807,2946,201808,Residencial,1.0,M,USME,R_1,Residencial,18/08/2018,204.9130,508.1681,204.913,Aug 07 2018,603673.698
112819,979385211576,20180808,2427,201808,Residencial,1.0,M,USME,R_1,Residencial,18/08/2018,204.9130,508.1681,204.913,Aug 08 2018,497323.851
112820,979385211576,20180809,5690,201808,Residencial,1.0,M,USME,R_1,Residencial,18/08/2018,204.9130,508.1681,204.913,Aug 09 2018,1165954.97
112821,979385211576,20180810,1836,201808,Residencial,1.0,M,USME,R_1,Residencial,18/08/2018,204.9130,508.1681,204.913,Aug 10 2018,376220.26800000004
112822,979385211576,20180811,2142,201808,Residencial,1.0,M,USME,R_1,Residencial,18/08/2018,204.9130,508.1681,204.913,Aug 11 2018,438923.646
112823,979385211576,20180812,1934,201808,Residencial,1.0,M,USME,R_1,Residencial,18/08/2018,204.9130,508.1681,204.913,Aug 12 2018,396301.742
112824,979385211576,20180813,1835,201808,Residencial,1.0,M,USME,R_1,Residencial,18/08/2018,204.9130,508.1681,204.913,Aug 13 2018,376015.35500000004
112825,979385211576,20180814,2543,201808,Residencial,1.0,M,USME,R_1,Residencial,18/08/2018,204.9130,508.1681,204.913,Aug 14 2018,521093.759
112826,979385211576,20180815,2156,201808,Residencial,1.0,M,USME,R_1,Residencial,18/08/2018,204.9130,508.1681,204.913,Aug 15 2018,441792.428
112827,979385211576,20180816,2189,201808,Residencial,1.0,M,USME,R_1,Residencial,18/08/2018,204.9130,508.1681,204.913,Aug 16 2018,448554.55700000003
112828,979385211576,20180817,2149,201808,Residencial,1.0,M,USME,R_1,Residencial,18/08/2018,204.9130,508.1681,204.913,Aug 17 2018,440358.037
112829,979385211576,20180818,2320,201808,Residencial,1.0,M,USME,R_1,Residencial,18/08/2018,204.9130,508.1681,204.913,Aug 18 2018,475398.16000000003
112830,979385211576,20180819,2625,201808,Residencial,1.0,M,USME,R_1,Residencial,18/08/2018,204.9130,508.1681,204.913,Aug 19 2018,537896.625
112831,979385211576,20180820,3599,201808,Residencial,1.0,M,USME,R_1,Residencial,18/08/2018,204.9130,508.1681,204.913,Aug 20 2018,737481.887
112832,979385211576,20180821,2229,201808,Residencial,1.0,M,USME,R_1,Residencial,18/08/2018,204.9130,508.1681,204.913,Aug 21 2018,456751.07700000005
112833,979385211576,20180822,2150,201808,Residencial,1.0,M,USME,R_1,Residencial,18/08/2018,204.9130,508.1681,204.913,Aug 22 2018,440562.95
112834,979385211576,20180823,2284,201808,Residencial,1.0,M,USME,R_1,Residencial,18/08/2018,204.9130,508.1681,204.913,Aug 23 2018,468021.292
112835,979385211576,20180824,2814,201808,Residencial,1.0,M,USME,R_1,Residencial,18/08/2018,204.9130,508.1681,204.913,Aug 24 2018,576625.182
112836,979385211576,20180825,1744,201808,Residencial,1.0,M,USME,R_1,Residencial,18/08/2018,204.9130,508.1681,204.913,Aug 25 2018,357368.272
112837,979385211576,20180826,2928,201808,Residencial,1.0,M,USME,R_1,Residencial,18/08/2018,204.9130,508.1681,204.913,Aug 26 2018,599985.2640000001
112838,979385211576,20180827,2117,201808,Residencial,1.0,M,USME,R_1,Residencial,18/08/2018,204.9130,508.1681,204.913,Aug 27 2018,433800.821
112839,979385211576,20180828,2146,201808,Residencial,1.0,M,USME,R_1,Residencial,18/08/2018,204.9130,508.1681,204.913,Aug 28 2018,439743.298
112840,979385211576,20180829,1850,201808,Residencial,1.0,M,USME,R_1,Residencial,18/08/2018,204.9130,508.1681,204.913,Aug 29 2018,379089.05000000005
112841,979385211576,20180830,2391,201808,Residencial,1.0,M,USME,R_1,Residencial,18/08/2018,204.9130,508.1681,204.913,Aug 30 2018,489946.983
112842,979385211576,20180831,2122,201808,Residencial,1.0,M,USME,R_1,Residencial,18/08/2018,204.9130,508.1681,204.913,Aug 31 2018,434825.386
112843,979385211576,20180901,3622,201809,Residencial,1.0,M,USME,R_1,Residencial,18/09/2018,205.2150,513.0375,205.215,Sep 01 2018,743288.73
112844,979385211576,20180902,2437,201809,Residencial,1.0,M,USME,R_1,Residencial,18/09/2018,205.2150,513.0375,205.215,Sep 02 2018,500108.955
112845,979385211576,20180903,2208,201809,Residencial,1.0,M,USME,R_1,Residencial,18/09/2018,205.2150,513.0375,205.215,Sep 03 2018,453114.72000000003
112846,979385211576,20180904,2050,201809,Residencial,1.0,M,USME,R_1,Residencial,18/09/2018,205.2150,513.0375,205.215,Sep 04 2018,420690.75
112847,979385211576,20180905,2468,201809,Residencial,1.0,M,USME,R_1,Residencial,18/09/2018,205.2150,513.0375,205.215,Sep 05 2018,506470.62
112848,979385211576,20180906,2533,201809,Residencial,1.0,M,USME,R_1,Residencial,18/09/2018,205.2150,513.0375,205.215,Sep 06 2018,519809.59500000003
112849,979385211576,20180907,2493,201809,Residencial,1.0,M,USME,R_1,Residencial,18/09/2018,205.2150,513.0375,205.215,Sep 07 2018,511600.995
112850,979385211576,20180908,3070,201809,Residencial,1.0,M,USME,R_1,Residencial,18/09/2018,205.2150,513.0375,205.215,Sep 08 2018,630010.05
112851,979385211576,20180909,2311,201809,Residencial,1.0,M,USME,R_1,Residencial,18/09/2018,205.2150,513.0375,205.215,Sep 09 2018,474251.865
112852,979385211576,20180910,2428,201809,Residencial,1.0,M,USME,R_1,Residencial,18/09/2018,205.2150,513.0375,205.215,Sep 10 2018,498262.02
112853,979385211576,20180911,2855,201809,Residencial,1.0,M,USME,R_1,Residencial,18/09/2018,205.2150,513.0375,205.215,Sep 11 2018,585888.825
112854,979385211576,20180912,2130,201809,Residencial,1.0,M,USME,R_1,Residencial,18/09/2018,205.2150,513.0375,205.215,Sep 12 2018,437107.95
112855,979385211576,20180913,2281,201809,Residencial,1.0,M,USME,R_1,Residencial,18/09/2018,205.2150,513.0375,205.215,Sep 13 2018,468095.415
112856,979385211576,20180914,1915,201809,Residencial,1.0,M,USME,R_1,Residencial,18/09/2018,205.2150,513.0375,205.215,Sep 14 2018,392986.72500000003
112857,979385211576,20180915,2835,201809,Residencial,1.0,M,USME,R_1,Residencial,18/09/2018,205.2150,513.0375,205.215,Sep 15 2018,581784.525
112858,979385211576,20180916,2593,201809,Residencial,1.0,M,USME,R_1,Residencial,18/09/2018,205.2150,513.0375,205.215,Sep 16 2018,532122.495
112859,979385211576,20180917,3241,201809,Residencial,1.0,M,USME,R_1,Residencial,18/09/2018,205.2150,513.0375,205.215,Sep 17 2018,665101.8150000001
112860,979385211576,20180918,2177,201809,Residencial,1.0,M,USME,R_1,Residencial,18/09/2018,205.2150,513.0375,205.215,Sep 18 2018,446753.055
112861,979385211576,20180919,2180,201809,Residencial,1.0,M,USME,R_1,Residencial,18/09/2018,205.2150,513.0375,205.215,Sep 19 2018,447368.7
112862,979385211576,20180920,2087,201809,Residencial,1.0,M,USME,R_1,Residencial,18/09/2018,205.2150,513.0375,205.215,Sep 20 2018,428283.705
112863,979385211576,20180921,2145,201809,Residencial,1.0,M,USME,R_1,Residencial,18/09/2018,205.2150,513.0375,205.215,Sep 21 2018,440186.175
112864,979385211576,20180922,2484,201809,Residencial,1.0,M,USME,R_1,Residencial,18/09/2018,205.2150,513.0375,205.215,Sep 22 2018,509754.06
112865,979385211576,20180923,3258,201809,Residencial,1.0,M,USME,R_1,Residencial,18/09/2018,205.2150,513.0375,205.215,Sep 23 2018,668590.47
112866,979385211576,20180924,2470,201809,Residencial,1.0,M,USME,R_1,Residencial,18/09/2018,205.2150,513.0375,205.215,Sep 24 2018,506881.05
112867,979385211576,20180925,2059,201809,Residencial,1.0,M,USME,R_1,Residencial,18/09/2018,205.2150,513.0375,205.215,Sep 25 2018,422537.685
112868,979385211576,20180926,2391,201809,Residencial,1.0,M,USME,R_1,Residencial,18/09/2018,205.2150,513.0375,205.215,Sep 26 2018,490669.065
112869,979385211576,20180927,2182,201809,Residencial,1.0,M,USME,R_1,Residencial,18/09/2018,205.2150,513.0375,205.215,Sep 27 2018,447779.13
112870,979385211576,20180928,2021,201809,Residencial,1.0,M,USME,R_1,Residencial,18/09/2018,205.2150,513.0375,205.215,Sep 28 2018,414739.515
112871,979385211576,20180929,3021,201809,Residencial,1.0,M,USME,R_1,Residencial,18/09/2018,205.2150,513.0375,205.215,Sep 29 2018,619954.515
112872,979385211576,20180930,3451,201809,Residencial,1.0,M,USME,R_1,Residencial,18/09/2018,205.2150,513.0375,205.215,Sep 30 2018,708196.965
112873,979385211576,20181001,2412,201810,Residencial,1.0,M,USME,R_1,Residencial,19/10/2018,205.5468,510.3286,205.5468,Oct 01 2018,495778.88159999996
112874,979385211576,20181002,2119,201810,Residencial,1.0,M,USME,R_1,Residencial,19/10/2018,205.5468,510.3286,205.5468,Oct 02 2018,435553.6692
112875,979385211576,20181003,2229,201810,Residencial,1.0,M,USME,R_1,Residencial,19/10/2018,205.5468,510.3286,205.5468,Oct 03 2018,458163.8172
112876,979385211576,20181004,2508,201810,Residencial,1.0,M,USME,R_1,Residencial,19/10/2018,205.5468,510.3286,205.5468,Oct 04 2018,515511.3744
112877,979385211576,20181005,2121,201810,Residencial,1.0,M,USME,R_1,Residencial,19/10/2018,205.5468,510.3286,205.5468,Oct 05 2018,435964.76279999997
112878,979385211576,20181006,3277,201810,Residencial,1.0,M,USME,R_1,Residencial,19/10/2018,205.5468,510.3286,205.5468,Oct 06 2018,673576.8635999999
112879,979385211576,20181007,2690,201810,Residencial,1.0,M,USME,R_1,Residencial,19/10/2018,205.5468,510.3286,205.5468,Oct 07 2018,552920.892
112880,979385211576,20181008,3140,201810,Residencial,1.0,M,USME,R_1,Residencial,19/10/2018,205.5468,510.3286,205.5468,Oct 08 2018,645416.9519999999
112881,979385211576,20181009,3204,201810,Residencial,1.0,M,USME,R_1,Residencial,19/10/2018,205.5468,510.3286,205.5468,Oct 09 2018,658571.9471999999
112882,979385211576,20181010,2969,201810,Residencial,1.0,M,USME,R_1,Residencial,19/10/2018,205.5468,510.3286,205.5468,Oct 10 2018,610268.4491999999
112883,979385211576,20181011,3065,201810,Residencial,1.0,M,USME,R_1,Residencial,19/10/2018,205.5468,510.3286,205.5468,Oct 11 2018,630000.9419999999
112884,979385211576,20181012,3318,201810,Residencial,1.0,M,USME,R_1,Residencial,19/10/2018,205.5468,510.3286,205.5468,Oct 12 2018,682004.2824
112885,979385211576,20181013,2145,201810,Residencial,1.0,M,USME,R_1,Residencial,19/10/2018,205.5468,510.3286,205.5468,Oct 13 2018,440897.886
112886,979385211576,20181014,2551,201810,Residencial,1.0,M,USME,R_1,Residencial,19/10/2018,205.5468,510.3286,205.5468,Oct 14 2018,524349.8868
112887,979385211576,20181015,3982,201810,Residencial,1.0,M,USME,R_1,Residencial,19/10/2018,205.5468,510.3286,205.5468,Oct 15 2018,818487.3576
112888,979385211576,20181016,3592,201810,Residencial,1.0,M,USME,R_1,Residencial,19/10/2018,205.5468,510.3286,205.5468,Oct 16 2018,738324.1056
112889,979385211576,20181017,2203,201810,Residencial,1.0,M,USME,R_1,Residencial,19/10/2018,205.5468,510.3286,205.5468,Oct 17 2018,452819.6004
112890,979385211576,20181018,2931,201810,Residencial,1.0,M,USME,R_1,Residencial,19/10/2018,205.5468,510.3286,205.5468,Oct 18 2018,602457.6708
112891,979385211576,20181019,2308,201810,Residencial,1.0,M,USME,R_1,Residencial,19/10/2018,205.5468,510.3286,205.5468,Oct 19 2018,474402.0144
112892,979385211576,20181020,3081,201810,Residencial,1.0,M,USME,R_1,Residencial,19/10/2018,205.5468,510.3286,205.5468,Oct 20 2018,633289.6908
112893,979385211576,20181021,4244,201810,Residencial,1.0,M,USME,R_1,Residencial,19/10/2018,205.5468,510.3286,205.5468,Oct 21 2018,872340.6192
112894,979385211576,20181022,2368,201810,Residencial,1.0,M,USME,R_1,Residencial,19/10/2018,205.5468,510.3286,205.5468,Oct 22 2018,486734.8224
112895,979385211576,20181023,2649,201810,Residencial,1.0,M,USME,R_1,Residencial,19/10/2018,205.5468,510.3286,205.5468,Oct 23 2018,544493.4732
112896,979385211576,20181024,2888,201810,Residencial,1.0,M,USME,R_1,Residencial,19/10/2018,205.5468,510.3286,205.5468,Oct 24 2018,593619.1584
112897,979385211576,20181025,2481,201810,Residencial,1.0,M,USME,R_1,Residencial,19/10/2018,205.5468,510.3286,205.5468,Oct 25 2018,509961.61079999997
112898,979385211576,20181026,2621,201810,Residencial,1.0,M,USME,R_1,Residencial,19/10/2018,205.5468,510.3286,205.5468,Oct 26 2018,538738.1627999999
112899,979385211576,20181027,3539,201810,Residencial,1.0,M,USME,R_1,Residencial,19/10/2018,205.5468,510.3286,205.5468,Oct 27 2018,727430.1252
112900,979385211576,20181028,2960,201810,Residencial,1.0,M,USME,R_1,Residencial,19/10/2018,205.5468,510.3286,205.5468,Oct 28 2018,608418.5279999999
112901,979385211576,20181029,3544,201810,Residencial,1.0,M,USME,R_1,Residencial,19/10/2018,205.5468,510.3286,205.5468,Oct 29 2018,728457.8592
112902,979385211576,20181030,3790,201810,Residencial,1.0,M,USME,R_1,Residencial,19/10/2018,205.5468,510.3286,205.5468,Oct 30 2018,779022.372
112903,979385211576,20181031,2857,201810,Residencial,1.0,M,USME,R_1,Residencial,19/10/2018,205.5468,510.3286,205.5468,Oct 31 2018,587247.2076
112904,979385211576,20181101,3724,201811,Residencial,1.0,M,USME,R_1,Residencial,17/11/2018,207.0781,517.6953,207.0781,Nov 01 2018,771158.8444000001
112905,979385211576,20181102,3077,201811,Residencial,1.0,M,USME,R_1,Residencial,17/11/2018,207.0781,517.6953,207.0781,Nov 02 2018,637179.3137
112906,979385211576,20181103,3081,201811,Residencial,1.0,M,USME,R_1,Residencial,17/11/2018,207.0781,517.6953,207.0781,Nov 03 2018,638007.6261
112907,979385211576,20181104,3059,201811,Residencial,1.0,M,USME,R_1,Residencial,17/11/2018,207.0781,517.6953,207.0781,Nov 04 2018,633451.9079
112908,979385211576,20181105,3516,201811,Residencial,1.0,M,USME,R_1,Residencial,17/11/2018,207.0781,517.6953,207.0781,Nov 05 2018,728086.5996000001
112909,979385211576,20181106,2924,201811,Residencial,1.0,M,USME,R_1,Residencial,17/11/2018,207.0781,517.6953,207.0781,Nov 06 2018,605496.3644
112910,979385211576,20181107,4041,201811,Residencial,1.0,M,USME,R_1,Residencial,17/11/2018,207.0781,517.6953,207.0781,Nov 07 2018,836802.6021
112911,979385211576,20181108,3139,201811,Residencial,1.0,M,USME,R_1,Residencial,17/11/2018,207.0781,517.6953,207.0781,Nov 08 2018,650018.1559
112912,979385211576,20181109,3554,201811,Residencial,1.0,M,USME,R_1,Residencial,17/11/2018,207.0781,517.6953,207.0781,Nov 09 2018,735955.5674
112913,979385211576,20181110,3207,201811,Residencial,1.0,M,USME,R_1,Residencial,17/11/2018,207.0781,517.6953,207.0781,Nov 10 2018,664099.4667
112914,979385211576,20181111,2535,201811,Residencial,1.0,M,USME,R_1,Residencial,17/11/2018,207.0781,517.6953,207.0781,Nov 11 2018,524942.9835
112915,979385211576,20181112,2457,201811,Residencial,1.0,M,USME,R_1,Residencial,17/11/2018,207.0781,517.6953,207.0781,Nov 12 2018,508790.89170000004
112916,979385211576,20181113,2346,201811,Residencial,1.0,M,USME,R_1,Residencial,17/11/2018,207.0781,517.6953,207.0781,Nov 13 2018,485805.22260000004
112917,979385211576,20181114,2490,201811,Residencial,1.0,M,USME,R_1,Residencial,17/11/2018,207.0781,517.6953,207.0781,Nov 14 2018,515624.46900000004
112918,979385211576,20181115,2377,201811,Residencial,1.0,M,USME,R_1,Residencial,17/11/2018,207.0781,517.6953,207.0781,Nov 15 2018,492224.6437
112919,979385211576,20181116,2830,201811,Residencial,1.0,M,USME,R_1,Residencial,17/11/2018,207.0781,517.6953,207.0781,Nov 16 2018,586031.023
112920,979385211576,20181117,3172,201811,Residencial,1.0,M,USME,R_1,Residencial,17/11/2018,207.0781,517.6953,207.0781,Nov 17 2018,656851.7332
112921,979385211576,20181118,3348,201811,Residencial,1.0,M,USME,R_1,Residencial,17/11/2018,207.0781,517.6953,207.0781,Nov 18 2018,693297.4788
112922,979385211576,20181119,3115,201811,Residencial,1.0,M,USME,R_1,Residencial,17/11/2018,207.0781,517.6953,207.0781,Nov 19 2018,645048.2815
112923,979385211576,20181120,3906,201811,Residencial,1.0,M,USME,R_1,Residencial,17/11/2018,207.0781,517.6953,207.0781,Nov 20 2018,808847.0586
112924,979385211576,20181121,4294,201811,Residencial,1.0,M,USME,R_1,Residencial,17/11/2018,207.0781,517.6953,207.0781,Nov 21 2018,889193.3614
112925,979385211576,20181122,3727,201811,Residencial,1.0,M,USME,R_1,Residencial,17/11/2018,207.0781,517.6953,207.0781,Nov 22 2018,771780.0787000001
112926,979385211576,20181123,4429,201811,Residencial,1.0,M,USME,R_1,Residencial,17/11/2018,207.0781,517.6953,207.0781,Nov 23 2018,917148.9049000001
112927,979385211576,20181124,3968,201811,Residencial,1.0,M,USME,R_1,Residencial,17/11/2018,207.0781,517.6953,207.0781,Nov 24 2018,821685.9008000001
112928,979385211576,20181125,3432,201811,Residencial,1.0,M,USME,R_1,Residencial,17/11/2018,207.0781,517.6953,207.0781,Nov 25 2018,710692.0392
112929,979385211576,20181126,3381,201811,Residencial,1.0,M,USME,R_1,Residencial,17/11/2018,207.0781,517.6953,207.0781,Nov 26 2018,700131.0561
112930,979385211576,20181127,2083,201811,Residencial,1.0,M,USME,R_1,Residencial,17/11/2018,207.0781,517.6953,207.0781,Nov 27 2018,431343.6823
112931,979385211576,20181128,2468,201811,Residencial,1.0,M,USME,R_1,Residencial,17/11/2018,207.0781,517.6953,207.0781,Nov 28 2018,511068.75080000004
112932,979385211576,20181129,2071,201811,Residencial,1.0,M,USME,R_1,Residencial,17/11/2018,207.0781,517.6953,207.0781,Nov 29 2018,428858.7451
112933,979385211576,20181130,1853,201811,Residencial,1.0,M,USME,R_1,Residencial,17/11/2018,207.0781,517.6953,207.0781,Nov 30 2018,383715.7193
112934,979385211576,20181201,2631,201812,Residencial,1.0,M,USME,R_1,Residencial,18/12/2018,208.1884,520.4711,208.1884,Dec 01 2018,547743.6804
112935,979385211576,20181202,3074,201812,Residencial,1.0,M,USME,R_1,Residencial,18/12/2018,208.1884,520.4711,208.1884,Dec 02 2018,639971.1416
112936,979385211576,20181203,4114,201812,Residencial,1.0,M,USME,R_1,Residencial,18/12/2018,208.1884,520.4711,208.1884,Dec 03 2018,856487.0776
112937,979385211576,20181204,3493,201812,Residencial,1.0,M,USME,R_1,Residencial,18/12/2018,208.1884,520.4711,208.1884,Dec 04 2018,727202.0812
112938,979385211576,20181205,2034,201812,Residencial,1.0,M,USME,R_1,Residencial,18/12/2018,208.1884,520.4711,208.1884,Dec 05 2018,423455.2056
112939,979385211576,20181206,1809,201812,Residencial,1.0,M,USME,R_1,Residencial,18/12/2018,208.1884,520.4711,208.1884,Dec 06 2018,376612.81560000003
112940,979385211576,20181207,1893,201812,Residencial,1.0,M,USME,R_1,Residencial,18/12/2018,208.1884,520.4711,208.1884,Dec 07 2018,394100.6412
112941,979385211576,20181208,2330,201812,Residencial,1.0,M,USME,R_1,Residencial,18/12/2018,208.1884,520.4711,208.1884,Dec 08 2018,485078.972
112942,979385211576,20181209,2620,201812,Residencial,1.0,M,USME,R_1,Residencial,18/12/2018,208.1884,520.4711,208.1884,Dec 09 2018,545453.608
112943,979385211576,20181210,2662,201812,Residencial,1.0,M,USME,R_1,Residencial,18/12/2018,208.1884,520.4711,208.1884,Dec 10 2018,554197.5208
112944,979385211576,20181211,3038,201812,Residencial,1.0,M,USME,R_1,Residencial,18/12/2018,208.1884,520.4711,208.1884,Dec 11 2018,632476.3592
112945,979385211576,20181212,1763,201812,Residencial,1.0,M,USME,R_1,Residencial,18/12/2018,208.1884,520.4711,208.1884,Dec 12 2018,367036.1492
112946,979385211576,20181213,2133,201812,Residencial,1.0,M,USME,R_1,Residencial,18/12/2018,208.1884,520.4711,208.1884,Dec 13 2018,444065.8572
112947,979385211576,20181214,2087,201812,Residencial,1.0,M,USME,R_1,Residencial,18/12/2018,208.1884,520.4711,208.1884,Dec 14 2018,434489.1908
112948,979385211576,20181215,1813,201812,Residencial,1.0,M,USME,R_1,Residencial,18/12/2018,208.1884,520.4711,208.1884,Dec 15 2018,377445.5692
112949,979385211576,20181216,2560,201812,Residencial,1.0,M,USME,R_1,Residencial,18/12/2018,208.1884,520.4711,208.1884,Dec 16 2018,532962.304
112950,979385211576,20181217,1956,201812,Residencial,1.0,M,USME,R_1,Residencial,18/12/2018,208.1884,520.4711,208.1884,Dec 17 2018,407216.5104
112951,979385211576,20181218,1928,201812,Residencial,1.0,M,USME,R_1,Residencial,18/12/2018,208.1884,520.4711,208.1884,Dec 18 2018,401387.2352
112952,979385211576,20181219,2038,201812,Residencial,1.0,M,USME,R_1,Residencial,18/12/2018,208.1884,520.4711,208.1884,Dec 19 2018,424287.9592
112953,979385211576,20181220,2428,201812,Residencial,1.0,M,USME,R_1,Residencial,18/12/2018,208.1884,520.4711,208.1884,Dec 20 2018,505481.4352
112954,979385211576,20181221,3301,201812,Residencial,1.0,M,USME,R_1,Residencial,18/12/2018,208.1884,520.4711,208.1884,Dec 21 2018,687229.9084
112955,979385211576,20181222,3215,201812,Residencial,1.0,M,USME,R_1,Residencial,18/12/2018,208.1884,520.4711,208.1884,Dec 22 2018,669325.706
112956,979385211576,20181223,3586,201812,Residencial,1.0,M,USME,R_1,Residencial,18/12/2018,208.1884,520.4711,208.1884,Dec 23 2018,746563.6024
112957,979385211576,20181224,3337,201812,Residencial,1.0,M,USME,R_1,Residencial,18/12/2018,208.1884,520.4711,208.1884,Dec 24 2018,694724.6908
112958,979385211576,20181225,2321,201812,Residencial,1.0,M,USME,R_1,Residencial,18/12/2018,208.1884,520.4711,208.1884,Dec 25 2018,483205.27640000003
112959,979385211576,20181226,3310,201812,Residencial,1.0,M,USME,R_1,Residencial,18/12/2018,208.1884,520.4711,208.1884,Dec 26 2018,689103.604
112960,979385211576,20181227,3248,201812,Residencial,1.0,M,USME,R_1,Residencial,18/12/2018,208.1884,520.4711,208.1884,Dec 27 2018,676195.9232
112961,979385211576,20181228,2148,201812,Residencial,1.0,M,USME,R_1,Residencial,18/12/2018,208.1884,520.4711,208.1884,Dec 28 2018,447188.6832
112962,979385211576,20181229,2900,201812,Residencial,1.0,M,USME,R_1,Residencial,18/12/2018,208.1884,520.4711,208.1884,Dec 29 2018,603746.36
112963,979385211576,20181230,1597,201812,Residencial,1.0,M,USME,R_1,Residencial,18/12/2018,208.1884,520.4711,208.1884,Dec 30 2018,332476.8748
112964,979385211576,20181231,1025,201812,Residencial,1.0,M,USME,R_1,Residencial,18/12/2018,208.1884,520.4711,208.1884,Dec 31 2018,213393.11000000002
112965,979385211576,20190101,853,201901,Residencial,1.0,M,USME,R_1,Residencial,17/01/2019,208.8151,509.5027,208.8151,Jan 01 2019,178119.2803
112966,979385211576,20190102,968,201901,Residencial,1.0,M,USME,R_1,Residencial,17/01/2019,208.8151,509.5027,208.8151,Jan 02 2019,202133.0168
112967,979385211576,20190103,1088,201901,Residencial,1.0,M,USME,R_1,Residencial,17/01/2019,208.8151,509.5027,208.8151,Jan 03 2019,227190.8288
112968,979385211576,20190104,1337,201901,Residencial,1.0,M,USME,R_1,Residencial,17/01/2019,208.8151,509.5027,208.8151,Jan 04 2019,279185.7887
112969,979385211576,20190105,1318,201901,Residencial,1.0,M,USME,R_1,Residencial,17/01/2019,208.8151,509.5027,208.8151,Jan 05 2019,275218.3018
112970,979385211576,20190106,1128,201901,Residencial,1.0,M,USME,R_1,Residencial,17/01/2019,208.8151,509.5027,208.8151,Jan 06 2019,235543.4328
112971,979385211576,20190107,2742,201901,Residencial,1.0,M,USME,R_1,Residencial,17/01/2019,208.8151,509.5027,208.8151,Jan 07 2019,572571.0042
112972,979385211576,20190108,2384,201901,Residencial,1.0,M,USME,R_1,Residencial,17/01/2019,208.8151,509.5027,208.8151,Jan 08 2019,497815.1984
112973,979385211576,20190109,3613,201901,Residencial,1.0,M,USME,R_1,Residencial,17/01/2019,208.8151,509.5027,208.8151,Jan 09 2019,754448.9563
112974,979385211576,20190110,3157,201901,Residencial,1.0,M,USME,R_1,Residencial,17/01/2019,208.8151,509.5027,208.8151,Jan 10 2019,659229.2707
112975,979385211576,20190111,2029,201901,Residencial,1.0,M,USME,R_1,Residencial,17/01/2019,208.8151,509.5027,208.8151,Jan 11 2019,423685.8379
112976,979385211576,20190112,2778,201901,Residencial,1.0,M,USME,R_1,Residencial,17/01/2019,208.8151,509.5027,208.8151,Jan 12 2019,580088.3478
112977,979385211576,20190113,2180,201901,Residencial,1.0,M,USME,R_1,Residencial,17/01/2019,208.8151,509.5027,208.8151,Jan 13 2019,455216.918
112978,979385211576,20190114,2670,201901,Residencial,1.0,M,USME,R_1,Residencial,17/01/2019,208.8151,509.5027,208.8151,Jan 14 2019,557536.317
112979,979385211576,20190115,3462,201901,Residencial,1.0,M,USME,R_1,Residencial,17/01/2019,208.8151,509.5027,208.8151,Jan 15 2019,722917.8762
112980,979385211576,20190116,3380,201901,Residencial,1.0,M,USME,R_1,Residencial,17/01/2019,208.8151,509.5027,208.8151,Jan 16 2019,705795.0380000001
112981,979385211576,20190117,1951,201901,Residencial,1.0,M,USME,R_1,Residencial,17/01/2019,208.8151,509.5027,208.8151,Jan 17 2019,407398.2601
112982,979385211576,20190118,3007,201901,Residencial,1.0,M,USME,R_1,Residencial,17/01/2019,208.8151,509.5027,208.8151,Jan 18 2019,627907.0057
112983,979385211576,20190119,1910,201901,Residencial,1.0,M,USME,R_1,Residencial,17/01/2019,208.8151,509.5027,208.8151,Jan 19 2019,398836.841
112984,979385211576,20190120,2912,201901,Residencial,1.0,M,USME,R_1,Residencial,17/01/2019,208.8151,509.5027,208.8151,Jan 20 2019,608069.5712
112985,979385211576,20190121,3353,201901,Residencial,1.0,M,USME,R_1,Residencial,17/01/2019,208.8151,509.5027,208.8151,Jan 21 2019,700157.0303
112986,979385211576,20190122,2694,201901,Residencial,1.0,M,USME,R_1,Residencial,17/01/2019,208.8151,509.5027,208.8151,Jan 22 2019,562547.8794
112987,979385211576,20190123,2101,201901,Residencial,1.0,M,USME,R_1,Residencial,17/01/2019,208.8151,509.5027,208.8151,Jan 23 2019,438720.5251
112988,979385211576,20190124,2327,201901,Residencial,1.0,M,USME,R_1,Residencial,17/01/2019,208.8151,509.5027,208.8151,Jan 24 2019,485912.7377
112989,979385211576,20190125,2792,201901,Residencial,1.0,M,USME,R_1,Residencial,17/01/2019,208.8151,509.5027,208.8151,Jan 25 2019,583011.7592
112990,979385211576,20190126,4000,201901,Residencial,1.0,M,USME,R_1,Residencial,17/01/2019,208.8151,509.5027,208.8151,Jan 26 2019,835260.4
112991,979385211576,20190127,3839,201901,Residencial,1.0,M,USME,R_1,Residencial,17/01/2019,208.8151,509.5027,208.8151,Jan 27 2019,801641.1689
112992,979385211576,20190128,2973,201901,Residencial,1.0,M,USME,R_1,Residencial,17/01/2019,208.8151,509.5027,208.8151,Jan 28 2019,620807.2923
112993,979385211576,20190129,2967,201901,Residencial,1.0,M,USME,R_1,Residencial,17/01/2019,208.8151,509.5027,208.8151,Jan 29 2019,619554.4017
112994,979385211576,20190130,3153,201901,Residencial,1.0,M,USME,R_1,Residencial,17/01/2019,208.8151,509.5027,208.8151,Jan 30 2019,658394.0103
112995,979385211576,20190131,2935,201901,Residencial,1.0,M,USME,R_1,Residencial,17/01/2019,208.8151,509.5027,208.8151,Jan 31 2019,612872.3185
112996,979385211576,20190201,3726,201902,Residencial,1.0,M,USME,R_1,Residencial,16/02/2019,210.0685,519.0086,210.0685,Feb 01 2019,782715.231
112997,979385211576,20190202,4090,201902,Residencial,1.0,M,USME,R_1,Residencial,16/02/2019,210.0685,519.0086,210.0685,Feb 02 2019,859180.165
112998,979385211576,20190203,2679,201902,Residencial,1.0,M,USME,R_1,Residencial,16/02/2019,210.0685,519.0086,210.0685,Feb 03 2019,562773.5115
112999,979385211576,20190204,3249,201902,Residencial,1.0,M,USME,R_1,Residencial,16/02/2019,210.0685,519.0086,210.0685,Feb 04 2019,682512.5565
113000,979385211576,20190205,3375,201902,Residencial,1.0,M,USME,R_1,Residencial,16/02/2019,210.0685,519.0086,210.0685,Feb 05 2019,708981.1875
113001,979385211576,20190206,2962,201902,Residencial,1.0,M,USME,R_1,Residencial,16/02/2019,210.0685,519.0086,210.0685,Feb 06 2019,622222.897
113002,979385211576,20190207,2953,201902,Residencial,1.0,M,USME,R_1,Residencial,16/02/2019,210.0685,519.0086,210.0685,Feb 07 2019,620332.2805
113003,979385211576,20190208,3461,201902,Residencial,1.0,M,USME,R_1,Residencial,16/02/2019,210.0685,519.0086,210.0685,Feb 08 2019,727047.0785
113004,979385211576,20190209,3934,201902,Residencial,1.0,M,USME,R_1,Residencial,16/02/2019,210.0685,519.0086,210.0685,Feb 09 2019,826409.479
113005,979385211576,20190210,3394,201902,Residencial,1.0,M,USME,R_1,Residencial,16/02/2019,210.0685,519.0086,210.0685,Feb 10 2019,712972.489
113006,979385211576,20190211,3448,201902,Residencial,1.0,M,USME,R_1,Residencial,16/02/2019,210.0685,519.0086,210.0685,Feb 11 2019,724316.188
113007,979385211576,20190212,2800,201902,Residencial,1.0,M,USME,R_1,Residencial,16/02/2019,210.0685,519.0086,210.0685,Feb 12 2019,588191.8
113008,979385211576,20190213,3298,201902,Residencial,1.0,M,USME,R_1,Residencial,16/02/2019,210.0685,519.0086,210.0685,Feb 13 2019,692805.9130000001
113009,979385211576,20190214,2865,201902,Residencial,1.0,M,USME,R_1,Residencial,16/02/2019,210.0685,519.0086,210.0685,Feb 14 2019,601846.2525
113010,979385211576,20190215,3123,201902,Residencial,1.0,M,USME,R_1,Residencial,16/02/2019,210.0685,519.0086,210.0685,Feb 15 2019,656043.9255
113011,979385211576,20190216,4338,201902,Residencial,1.0,M,USME,R_1,Residencial,16/02/2019,210.0685,519.0086,210.0685,Feb 16 2019,911277.153
113012,979385211576,20190217,3825,201902,Residencial,1.0,M,USME,R_1,Residencial,16/02/2019,210.0685,519.0086,210.0685,Feb 17 2019,803512.0125
113013,979385211576,20190218,2899,201902,Residencial,1.0,M,USME,R_1,Residencial,16/02/2019,210.0685,519.0086,210.0685,Feb 18 2019,608988.5815
113014,979385211576,20190219,3592,201902,Residencial,1.0,M,USME,R_1,Residencial,16/02/2019,210.0685,519.0086,210.0685,Feb 19 2019,754566.052
113015,979385211576,20190220,2676,201902,Residencial,1.0,M,USME,R_1,Residencial,16/02/2019,210.0685,519.0086,210.0685,Feb 20 2019,562143.306
113016,979385211576,20190221,3669,201902,Residencial,1.0,M,USME,R_1,Residencial,16/02/2019,210.0685,519.0086,210.0685,Feb 21 2019,770741.3265
113017,979385211576,20190222,3097,201902,Residencial,1.0,M,USME,R_1,Residencial,16/02/2019,210.0685,519.0086,210.0685,Feb 22 2019,650582.1445
113018,979385211576,20190223,3447,201902,Residencial,1.0,M,USME,R_1,Residencial,16/02/2019,210.0685,519.0086,210.0685,Feb 23 2019,724106.1195
113019,979385211576,20190224,2684,201902,Residencial,1.0,M,USME,R_1,Residencial,16/02/2019,210.0685,519.0086,210.0685,Feb 24 2019,563823.854
113020,979385211576,20190225,3258,201902,Residencial,1.0,M,USME,R_1,Residencial,16/02/2019,210.0685,519.0086,210.0685,Feb 25 2019,684403.173
113021,979385211576,20190226,2572,201902,Residencial,1.0,M,USME,R_1,Residencial,16/02/2019,210.0685,519.0086,210.0685,Feb 26 2019,540296.182
113022,979385211576,20190227,2912,201902,Residencial,1.0,M,USME,R_1,Residencial,16/02/2019,210.0685,519.0086,210.0685,Feb 27 2019,611719.472
113023,979385211576,20190228,2571,201902,Residencial,1.0,M,USME,R_1,Residencial,16/02/2019,210.0685,519.0086,210.0685,Feb 28 2019,540086.1135
113024,979385211576,20190301,2307,201903,Residencial,1.0,M,USME,R_1,Residencial,16/03/2019,212.7030,531.7575,212.703,Mar 01 2019,490705.821
113025,979385211576,20190302,2678,201903,Residencial,1.0,M,USME,R_1,Residencial,16/03/2019,212.7030,531.7575,212.703,Mar 02 2019,569618.634
113026,979385211576,20190303,2845,201903,Residencial,1.0,M,USME,R_1,Residencial,16/03/2019,212.7030,531.7575,212.703,Mar 03 2019,605140.035
113027,979385211576,20190304,3513,201903,Residencial,1.0,M,USME,R_1,Residencial,16/03/2019,212.7030,531.7575,212.703,Mar 04 2019,747225.639
113028,979385211576,20190305,2408,201903,Residencial,1.0,M,USME,R_1,Residencial,16/03/2019,212.7030,531.7575,212.703,Mar 05 2019,512188.824
113029,979385211576,20190306,2736,201903,Residencial,1.0,M,USME,R_1,Residencial,16/03/2019,212.7030,531.7575,212.703,Mar 06 2019,581955.408
113030,979385211576,20190307,3360,201903,Residencial,1.0,M,USME,R_1,Residencial,16/03/2019,212.7030,531.7575,212.703,Mar 07 2019,714682.08
113031,979385211576,20190308,2430,201903,Residencial,1.0,M,USME,R_1,Residencial,16/03/2019,212.7030,531.7575,212.703,Mar 08 2019,516868.29
113032,979385211576,20190309,1612,201903,Residencial,1.0,M,USME,R_1,Residencial,16/03/2019,212.7030,531.7575,212.703,Mar 09 2019,342877.23600000003
113033,979385211576,20190310,2093,201903,Residencial,1.0,M,USME,R_1,Residencial,16/03/2019,212.7030,531.7575,212.703,Mar 10 2019,445187.379
113034,979385211576,20190311,3538,201903,Residencial,1.0,M,USME,R_1,Residencial,16/03/2019,212.7030,531.7575,212.703,Mar 11 2019,752543.214
113035,979385211576,20190312,3033,201903,Residencial,1.0,M,USME,R_1,Residencial,16/03/2019,212.7030,531.7575,212.703,Mar 12 2019,645128.199
113036,979385211576,20190313,2631,201903,Residencial,1.0,M,USME,R_1,Residencial,16/03/2019,212.7030,531.7575,212.703,Mar 13 2019,559621.593
113037,979385211576,20190314,2376,201903,Residencial,1.0,M,USME,R_1,Residencial,16/03/2019,212.7030,531.7575,212.703,Mar 14 2019,505382.328
113038,979385211576,20190315,2724,201903,Residencial,1.0,M,USME,R_1,Residencial,16/03/2019,212.7030,531.7575,212.703,Mar 15 2019,579402.972
113039,979385211576,20190316,3183,201903,Residencial,1.0,M,USME,R_1,Residencial,16/03/2019,212.7030,531.7575,212.703,Mar 16 2019,677033.649
113040,979385211576,20190317,3224,201903,Residencial,1.0,M,USME,R_1,Residencial,16/03/2019,212.7030,531.7575,212.703,Mar 17 2019,685754.4720000001
113041,979385211576,20190318,3276,201903,Residencial,1.0,M,USME,R_1,Residencial,16/03/2019,212.7030,531.7575,212.703,Mar 18 2019,696815.028
113042,979385211576,20190319,2749,201903,Residencial,1.0,M,USME,R_1,Residencial,16/03/2019,212.7030,531.7575,212.703,Mar 19 2019,584720.547
113043,979385211576,20190320,2448,201903,Residencial,1.0,M,USME,R_1,Residencial,16/03/2019,212.7030,531.7575,212.703,Mar 20 2019,520696.944
113044,979385211576,20190321,2703,201903,Residencial,1.0,M,USME,R_1,Residencial,16/03/2019,212.7030,531.7575,212.703,Mar 21 2019,574936.209
113045,979385211576,20190322,2715,201903,Residencial,1.0,M,USME,R_1,Residencial,16/03/2019,212.7030,531.7575,212.703,Mar 22 2019,577488.645
113046,979385211576,20190323,2594,201903,Residencial,1.0,M,USME,R_1,Residencial,16/03/2019,212.7030,531.7575,212.703,Mar 23 2019,551751.582
113047,979385211576,20190324,1311,201903,Residencial,1.0,M,USME,R_1,Residencial,16/03/2019,212.7030,531.7575,212.703,Mar 24 2019,278853.63300000003
113048,979385211576,20190325,1230,201903,Residencial,1.0,M,USME,R_1,Residencial,16/03/2019,212.7030,531.7575,212.703,Mar 25 2019,261624.69
113049,979385211576,20190326,3242,201903,Residencial,1.0,M,USME,R_1,Residencial,16/03/2019,212.7030,531.7575,212.703,Mar 26 2019,689583.126
113050,979385211576,20190327,2808,201903,Residencial,1.0,M,USME,R_1,Residencial,16/03/2019,212.7030,531.7575,212.703,Mar 27 2019,597270.024
113051,979385211576,20190328,2897,201903,Residencial,1.0,M,USME,R_1,Residencial,16/03/2019,212.7030,531.7575,212.703,Mar 28 2019,616200.591
113052,979385211576,20190329,2941,201903,Residencial,1.0,M,USME,R_1,Residencial,16/03/2019,212.7030,531.7575,212.703,Mar 29 2019,625559.523
113053,979385211576,20190330,3109,201903,Residencial,1.0,M,USME,R_1,Residencial,16/03/2019,212.7030,531.7575,212.703,Mar 30 2019,661293.627
113054,979385211576,20190331,3507,201903,Residencial,1.0,M,USME,R_1,Residencial,16/03/2019,212.7030,531.7575,212.703,Mar 31 2019,745949.421
113055,979385211576,20190401,3113,201904,Residencial,1.0,M,USME,R_1,Residencial,16/04/2019,213.6128,528.2058,213.6128,Apr 01 2019,664976.6464
113056,979385211576,20190402,2385,201904,Residencial,1.0,M,USME,R_1,Residencial,16/04/2019,213.6128,528.2058,213.6128,Apr 02 2019,509466.528
113057,979385211576,20190403,3013,201904,Residencial,1.0,M,USME,R_1,Residencial,16/04/2019,213.6128,528.2058,213.6128,Apr 03 2019,643615.3663999999
113058,979385211576,20190404,3075,201904,Residencial,1.0,M,USME,R_1,Residencial,16/04/2019,213.6128,528.2058,213.6128,Apr 04 2019,656859.36
113059,979385211576,20190405,2541,201904,Residencial,1.0,M,USME,R_1,Residencial,16/04/2019,213.6128,528.2058,213.6128,Apr 05 2019,542790.1248
113060,979385211576,20190406,3296,201904,Residencial,1.0,M,USME,R_1,Residencial,16/04/2019,213.6128,528.2058,213.6128,Apr 06 2019,704067.7888
113061,979385211576,20190407,3293,201904,Residencial,1.0,M,USME,R_1,Residencial,16/04/2019,213.6128,528.2058,213.6128,Apr 07 2019,703426.9504
113062,979385211576,20190408,2764,201904,Residencial,1.0,M,USME,R_1,Residencial,16/04/2019,213.6128,528.2058,213.6128,Apr 08 2019,590425.7792
113063,979385211576,20190409,2505,201904,Residencial,1.0,M,USME,R_1,Residencial,16/04/2019,213.6128,528.2058,213.6128,Apr 09 2019,535100.064
113064,979385211576,20190410,2183,201904,Residencial,1.0,M,USME,R_1,Residencial,16/04/2019,213.6128,528.2058,213.6128,Apr 10 2019,466316.7424
113065,979385211576,20190411,2955,201904,Residencial,1.0,M,USME,R_1,Residencial,16/04/2019,213.6128,528.2058,213.6128,Apr 11 2019,631225.824
113066,979385211576,20190412,2622,201904,Residencial,1.0,M,USME,R_1,Residencial,16/04/2019,213.6128,528.2058,213.6128,Apr 12 2019,560092.7616
113067,979385211576,20190413,3439,201904,Residencial,1.0,M,USME,R_1,Residencial,16/04/2019,213.6128,528.2058,213.6128,Apr 13 2019,734614.4192
113068,979385211576,20190414,3708,201904,Residencial,1.0,M,USME,R_1,Residencial,16/04/2019,213.6128,528.2058,213.6128,Apr 14 2019,792076.2624
113069,979385211576,20190415,2542,201904,Residencial,1.0,M,USME,R_1,Residencial,16/04/2019,213.6128,528.2058,213.6128,Apr 15 2019,543003.7376
113070,979385211576,20190416,5307,201904,Residencial,1.0,M,USME,R_1,Residencial,16/04/2019,213.6128,528.2058,213.6128,Apr 16 2019,1133643.1295999999
113071,979385211576,20190417,6061,201904,Residencial,1.0,M,USME,R_1,Residencial,16/04/2019,213.6128,528.2058,213.6128,Apr 17 2019,1294707.1808
113072,979385211576,20190418,3901,201904,Residencial,1.0,M,USME,R_1,Residencial,16/04/2019,213.6128,528.2058,213.6128,Apr 18 2019,833303.5327999999
113073,979385211576,20190419,5284,201904,Residencial,1.0,M,USME,R_1,Residencial,16/04/2019,213.6128,528.2058,213.6128,Apr 19 2019,1128730.0352
113074,979385211576,20190420,5167,201904,Residencial,1.0,M,USME,R_1,Residencial,16/04/2019,213.6128,528.2058,213.6128,Apr 20 2019,1103737.3376
113075,979385211576,20190421,6484,201904,Residencial,1.0,M,USME,R_1,Residencial,16/04/2019,213.6128,528.2058,213.6128,Apr 21 2019,1385065.3952
113076,979385211576,20190422,6071,201904,Residencial,1.0,M,USME,R_1,Residencial,16/04/2019,213.6128,528.2058,213.6128,Apr 22 2019,1296843.3088
113077,979385211576,20190423,3839,201904,Residencial,1.0,M,USME,R_1,Residencial,16/04/2019,213.6128,528.2058,213.6128,Apr 23 2019,820059.5392
113078,979385211576,20190424,3300,201904,Residencial,1.0,M,USME,R_1,Residencial,16/04/2019,213.6128,528.2058,213.6128,Apr 24 2019,704922.24
113079,979385211576,20190425,3587,201904,Residencial,1.0,M,USME,R_1,Residencial,16/04/2019,213.6128,528.2058,213.6128,Apr 25 2019,766229.1135999999
113080,979385211576,20190426,1893,201904,Residencial,1.0,M,USME,R_1,Residencial,16/04/2019,213.6128,528.2058,213.6128,Apr 26 2019,404369.0304
113081,979385211576,20190427,3856,201904,Residencial,1.0,M,USME,R_1,Residencial,16/04/2019,213.6128,528.2058,213.6128,Apr 27 2019,823690.9567999999
113082,979385211576,20190428,9967,201904,Residencial,1.0,M,USME,R_1,Residencial,16/04/2019,213.6128,528.2058,213.6128,Apr 28 2019,2129078.7776
113083,979385211576,20190429,4086,201904,Residencial,1.0,M,USME,R_1,Residencial,16/04/2019,213.6128,528.2058,213.6128,Apr 29 2019,872821.9008
113084,979385211576,20190430,2027,201904,Residencial,1.0,M,USME,R_1,Residencial,16/04/2019,213.6128,528.2058,213.6128,Apr 30 2019,432993.1456
113085,979385211576,20190501,2901,201905,Residencial,1.0,M,USME,R_1,Residencial,16/05/2019,214.6638,506.3434,214.6638,May 01 2019,622739.6838
113086,979385211576,20190502,2559,201905,Residencial,1.0,M,USME,R_1,Residencial,16/05/2019,214.6638,506.3434,214.6638,May 02 2019,549324.6642
113087,979385211576,20190503,3316,201905,Residencial,1.0,M,USME,R_1,Residencial,16/05/2019,214.6638,506.3434,214.6638,May 03 2019,711825.1608000001
113088,979385211576,20190504,3936,201905,Residencial,1.0,M,USME,R_1,Residencial,16/05/2019,214.6638,506.3434,214.6638,May 04 2019,844916.7168
113089,979385211576,20190505,3703,201905,Residencial,1.0,M,USME,R_1,Residencial,16/05/2019,214.6638,506.3434,214.6638,May 05 2019,794900.0514
113090,979385211576,20190506,4158,201905,Residencial,1.0,M,USME,R_1,Residencial,16/05/2019,214.6638,506.3434,214.6638,May 06 2019,892572.0804000001
113091,979385211576,20190507,3635,201905,Residencial,1.0,M,USME,R_1,Residencial,16/05/2019,214.6638,506.3434,214.6638,May 07 2019,780302.9130000001
113092,979385211576,20190508,2958,201905,Residencial,1.0,M,USME,R_1,Residencial,16/05/2019,214.6638,506.3434,214.6638,May 08 2019,634975.5204
113093,979385211576,20190509,3375,201905,Residencial,1.0,M,USME,R_1,Residencial,16/05/2019,214.6638,506.3434,214.6638,May 09 2019,724490.3250000001
113094,979385211576,20190510,2167,201905,Residencial,1.0,M,USME,R_1,Residencial,16/05/2019,214.6638,506.3434,214.6638,May 10 2019,465176.4546
113095,979385211576,20190511,4278,201905,Residencial,1.0,M,USME,R_1,Residencial,16/05/2019,214.6638,506.3434,214.6638,May 11 2019,918331.7364
113096,979385211576,20190512,3291,201905,Residencial,1.0,M,USME,R_1,Residencial,16/05/2019,214.6638,506.3434,214.6638,May 12 2019,706458.5658
113097,979385211576,20190513,3666,201905,Residencial,1.0,M,USME,R_1,Residencial,16/05/2019,214.6638,506.3434,214.6638,May 13 2019,786957.4908
113098,979385211576,20190514,2773,201905,Residencial,1.0,M,USME,R_1,Residencial,16/05/2019,214.6638,506.3434,214.6638,May 14 2019,595262.7174000001
113099,979385211576,20190515,3077,201905,Residencial,1.0,M,USME,R_1,Residencial,16/05/2019,214.6638,506.3434,214.6638,May 15 2019,660520.5126
113100,979385211576,20190516,3426,201905,Residencial,1.0,M,USME,R_1,Residencial,16/05/2019,214.6638,506.3434,214.6638,May 16 2019,735438.1788
113101,979385211576,20190517,2406,201905,Residencial,1.0,M,USME,R_1,Residencial,16/05/2019,214.6638,506.3434,214.6638,May 17 2019,516481.1028
113102,979385211576,20190518,4881,201905,Residencial,1.0,M,USME,R_1,Residencial,16/05/2019,214.6638,506.3434,214.6638,May 18 2019,1047774.0078
113103,979385211576,20190519,2423,201905,Residencial,1.0,M,USME,R_1,Residencial,16/05/2019,214.6638,506.3434,214.6638,May 19 2019,520130.3874
113104,979385211576,20190520,4348,201905,Residencial,1.0,M,USME,R_1,Residencial,16/05/2019,214.6638,506.3434,214.6638,May 20 2019,933358.2024000001
113105,979385211576,20190521,3167,201905,Residencial,1.0,M,USME,R_1,Residencial,16/05/2019,214.6638,506.3434,214.6638,May 21 2019,679840.2546
113106,979385211576,20190522,2817,201905,Residencial,1.0,M,USME,R_1,Residencial,16/05/2019,214.6638,506.3434,214.6638,May 22 2019,604707.9246
113107,979385211576,20190523,4646,201905,Residencial,1.0,M,USME,R_1,Residencial,16/05/2019,214.6638,506.3434,214.6638,May 23 2019,997328.0148
113108,979385211576,20190524,3716,201905,Residencial,1.0,M,USME,R_1,Residencial,16/05/2019,214.6638,506.3434,214.6638,May 24 2019,797690.6808000001
113109,979385211576,20190525,4973,201905,Residencial,1.0,M,USME,R_1,Residencial,16/05/2019,214.6638,506.3434,214.6638,May 25 2019,1067523.0774
113110,979385211576,20190526,6086,201905,Residencial,1.0,M,USME,R_1,Residencial,16/05/2019,214.6638,506.3434,214.6638,May 26 2019,1306443.8868
113111,979385211576,20190527,3112,201905,Residencial,1.0,M,USME,R_1,Residencial,16/05/2019,214.6638,506.3434,214.6638,May 27 2019,668033.7456
113112,979385211576,20190528,2683,201905,Residencial,1.0,M,USME,R_1,Residencial,16/05/2019,214.6638,506.3434,214.6638,May 28 2019,575942.9754
113113,979385211576,20190529,4388,201905,Residencial,1.0,M,USME,R_1,Residencial,16/05/2019,214.6638,506.3434,214.6638,May 29 2019,941944.7544000001
113114,979385211576,20190530,4072,201905,Residencial,1.0,M,USME,R_1,Residencial,16/05/2019,214.6638,506.3434,214.6638,May 30 2019,874110.9936
113115,979385211576,20190531,3094,201905,Residencial,1.0,M,USME,R_1,Residencial,16/05/2019,214.6638,506.3434,214.6638,May 31 2019,664169.7972
113116,979385211576,20190601,5280,201906,Residencial,1.0,M,USME,R_1,Residencial,18/06/2019,215.3365,502.2140,215.3365,Jun 01 2019,1136976.72
113117,979385211576,20190602,2545,201906,Residencial,1.0,M,USME,R_1,Residencial,18/06/2019,215.3365,502.2140,215.3365,Jun 02 2019,548031.3925
113118,979385211576,20190603,4265,201906,Residencial,1.0,M,USME,R_1,Residencial,18/06/2019,215.3365,502.2140,215.3365,Jun 03 2019,918410.1725
113119,979385211576,20190604,3472,201906,Residencial,1.0,M,USME,R_1,Residencial,18/06/2019,215.3365,502.2140,215.3365,Jun 04 2019,747648.328
113120,979385211576,20190605,2568,201906,Residencial,1.0,M,USME,R_1,Residencial,18/06/2019,215.3365,502.2140,215.3365,Jun 05 2019,552984.132
113121,979385211576,20190606,2810,201906,Residencial,1.0,M,USME,R_1,Residencial,18/06/2019,215.3365,502.2140,215.3365,Jun 06 2019,605095.5650000001
113122,979385211576,20190607,4591,201906,Residencial,1.0,M,USME,R_1,Residencial,18/06/2019,215.3365,502.2140,215.3365,Jun 07 2019,988609.8715
113123,979385211576,20190608,2325,201906,Residencial,1.0,M,USME,R_1,Residencial,18/06/2019,215.3365,502.2140,215.3365,Jun 08 2019,500657.3625
113124,979385211576,20190609,3987,201906,Residencial,1.0,M,USME,R_1,Residencial,18/06/2019,215.3365,502.2140,215.3365,Jun 09 2019,858546.6255
113125,979385211576,20190610,3434,201906,Residencial,1.0,M,USME,R_1,Residencial,18/06/2019,215.3365,502.2140,215.3365,Jun 10 2019,739465.541
113126,979385211576,20190611,3531,201906,Residencial,1.0,M,USME,R_1,Residencial,18/06/2019,215.3365,502.2140,215.3365,Jun 11 2019,760353.1815
113127,979385211576,20190612,2584,201906,Residencial,1.0,M,USME,R_1,Residencial,18/06/2019,215.3365,502.2140,215.3365,Jun 12 2019,556429.516
113128,979385211576,20190613,4816,201906,Residencial,1.0,M,USME,R_1,Residencial,18/06/2019,215.3365,502.2140,215.3365,Jun 13 2019,1037060.584
113129,979385211576,20190614,3880,201906,Residencial,1.0,M,USME,R_1,Residencial,18/06/2019,215.3365,502.2140,215.3365,Jun 14 2019,835505.62
113130,979385211576,20190615,3988,201906,Residencial,1.0,M,USME,R_1,Residencial,18/06/2019,215.3365,502.2140,215.3365,Jun 15 2019,858761.962
113131,979385211576,20190616,4299,201906,Residencial,1.0,M,USME,R_1,Residencial,18/06/2019,215.3365,502.2140,215.3365,Jun 16 2019,925731.6135
113132,979385211576,20190617,3528,201906,Residencial,1.0,M,USME,R_1,Residencial,18/06/2019,215.3365,502.2140,215.3365,Jun 17 2019,759707.172
113133,979385211576,20190618,2092,201906,Residencial,1.0,M,USME,R_1,Residencial,18/06/2019,215.3365,502.2140,215.3365,Jun 18 2019,450483.958
113134,979385211576,20190619,3797,201906,Residencial,1.0,M,USME,R_1,Residencial,18/06/2019,215.3365,502.2140,215.3365,Jun 19 2019,817632.6905
113135,979385211576,20190620,2088,201906,Residencial,1.0,M,USME,R_1,Residencial,18/06/2019,215.3365,502.2140,215.3365,Jun 20 2019,449622.612
113136,979385211576,20190621,2077,201906,Residencial,1.0,M,USME,R_1,Residencial,18/06/2019,215.3365,502.2140,215.3365,Jun 21 2019,447253.9105
113137,979385211576,20190622,4183,201906,Residencial,1.0,M,USME,R_1,Residencial,18/06/2019,215.3365,502.2140,215.3365,Jun 22 2019,900752.5795
113138,979385211576,20190623,3978,201906,Residencial,1.0,M,USME,R_1,Residencial,18/06/2019,215.3365,502.2140,215.3365,Jun 23 2019,856608.597
113139,979385211576,20190624,3064,201906,Residencial,1.0,M,USME,R_1,Residencial,18/06/2019,215.3365,502.2140,215.3365,Jun 24 2019,659791.036
113140,979385211576,20190625,5155,201906,Residencial,1.0,M,USME,R_1,Residencial,18/06/2019,215.3365,502.2140,215.3365,Jun 25 2019,1110059.6575
113141,979385211576,20190626,2986,201906,Residencial,1.0,M,USME,R_1,Residencial,18/06/2019,215.3365,502.2140,215.3365,Jun 26 2019,642994.789
113142,979385211576,20190627,3380,201906,Residencial,1.0,M,USME,R_1,Residencial,18/06/2019,215.3365,502.2140,215.3365,Jun 27 2019,727837.37
113143,979385211576,20190628,4616,201906,Residencial,1.0,M,USME,R_1,Residencial,18/06/2019,215.3365,502.2140,215.3365,Jun 28 2019,993993.284
113144,979385211576,20190629,4952,201906,Residencial,1.0,M,USME,R_1,Residencial,18/06/2019,215.3365,502.2140,215.3365,Jun 29 2019,1066346.348
113145,979385211576,20190630,3004,201906,Residencial,1.0,M,USME,R_1,Residencial,18/06/2019,215.3365,502.2140,215.3365,Jun 30 2019,646870.846
113146,979385211576,20190701,3134,201907,Residencial,1.0,M,USME,R_1,Residencial,16/07/2019,215.9041,498.6045,215.9041,Jul 01 2019,676643.4494
113147,979385211576,20190702,2931,201907,Residencial,1.0,M,USME,R_1,Residencial,16/07/2019,215.9041,498.6045,215.9041,Jul 02 2019,632814.9171
113148,979385211576,20190703,2714,201907,Residencial,1.0,M,USME,R_1,Residencial,16/07/2019,215.9041,498.6045,215.9041,Jul 03 2019,585963.7274
113149,979385211576,20190704,4491,201907,Residencial,1.0,M,USME,R_1,Residencial,16/07/2019,215.9041,498.6045,215.9041,Jul 04 2019,969625.3131
113150,979385211576,20190705,3659,201907,Residencial,1.0,M,USME,R_1,Residencial,16/07/2019,215.9041,498.6045,215.9041,Jul 05 2019,789993.1019
113151,979385211576,20190706,4468,201907,Residencial,1.0,M,USME,R_1,Residencial,16/07/2019,215.9041,498.6045,215.9041,Jul 06 2019,964659.5188
113152,979385211576,20190707,4095,201907,Residencial,1.0,M,USME,R_1,Residencial,16/07/2019,215.9041,498.6045,215.9041,Jul 07 2019,884127.2895
113153,979385211576,20190708,3774,201907,Residencial,1.0,M,USME,R_1,Residencial,16/07/2019,215.9041,498.6045,215.9041,Jul 08 2019,814822.0734
113154,979385211576,20190709,3730,201907,Residencial,1.0,M,USME,R_1,Residencial,16/07/2019,215.9041,498.6045,215.9041,Jul 09 2019,805322.293
113155,979385211576,20190710,3786,201907,Residencial,1.0,M,USME,R_1,Residencial,16/07/2019,215.9041,498.6045,215.9041,Jul 10 2019,817412.9226
113156,979385211576,20190711,6098,201907,Residencial,1.0,M,USME,R_1,Residencial,16/07/2019,215.9041,498.6045,215.9041,Jul 11 2019,1316583.2018
113157,979385211576,20190712,3047,201907,Residencial,1.0,M,USME,R_1,Residencial,16/07/2019,215.9041,498.6045,215.9041,Jul 12 2019,657859.7927
113158,979385211576,20190713,5040,201907,Residencial,1.0,M,USME,R_1,Residencial,16/07/2019,215.9041,498.6045,215.9041,Jul 13 2019,1088156.664
113159,979385211576,20190714,4409,201907,Residencial,1.0,M,USME,R_1,Residencial,16/07/2019,215.9041,498.6045,215.9041,Jul 14 2019,951921.1769
113160,979385211576,20190715,3014,201907,Residencial,1.0,M,USME,R_1,Residencial,16/07/2019,215.9041,498.6045,215.9041,Jul 15 2019,650734.9574
113161,979385211576,20190716,3909,201907,Residencial,1.0,M,USME,R_1,Residencial,16/07/2019,215.9041,498.6045,215.9041,Jul 16 2019,843969.1269
113162,979385211576,20190717,4222,201907,Residencial,1.0,M,USME,R_1,Residencial,16/07/2019,215.9041,498.6045,215.9041,Jul 17 2019,911547.1102
113163,979385211576,20190718,5121,201907,Residencial,1.0,M,USME,R_1,Residencial,16/07/2019,215.9041,498.6045,215.9041,Jul 18 2019,1105644.8961
113164,979385211576,20190719,4001,201907,Residencial,1.0,M,USME,R_1,Residencial,16/07/2019,215.9041,498.6045,215.9041,Jul 19 2019,863832.3041
113165,979385211576,20190720,4594,201907,Residencial,1.0,M,USME,R_1,Residencial,16/07/2019,215.9041,498.6045,215.9041,Jul 20 2019,991863.4354
113166,979385211576,20190721,5156,201907,Residencial,1.0,M,USME,R_1,Residencial,16/07/2019,215.9041,498.6045,215.9041,Jul 21 2019,1113201.5396
113167,979385211576,20190722,3924,201907,Residencial,1.0,M,USME,R_1,Residencial,16/07/2019,215.9041,498.6045,215.9041,Jul 22 2019,847207.6884
113168,979385211576,20190723,3258,201907,Residencial,1.0,M,USME,R_1,Residencial,16/07/2019,215.9041,498.6045,215.9041,Jul 23 2019,703415.5578
113169,979385211576,20190724,4732,201907,Residencial,1.0,M,USME,R_1,Residencial,16/07/2019,215.9041,498.6045,215.9041,Jul 24 2019,1021658.2012
113170,979385211576,20190725,3009,201907,Residencial,1.0,M,USME,R_1,Residencial,16/07/2019,215.9041,498.6045,215.9041,Jul 25 2019,649655.4369
113171,979385211576,20190726,2182,201907,Residencial,1.0,M,USME,R_1,Residencial,16/07/2019,215.9041,498.6045,215.9041,Jul 26 2019,471102.7462
113172,979385211576,20190727,3855,201907,Residencial,1.0,M,USME,R_1,Residencial,16/07/2019,215.9041,498.6045,215.9041,Jul 27 2019,832310.3055
113173,979385211576,20190728,3904,201907,Residencial,1.0,M,USME,R_1,Residencial,16/07/2019,215.9041,498.6045,215.9041,Jul 28 2019,842889.6064
113174,979385211576,20190729,2643,201907,Residencial,1.0,M,USME,R_1,Residencial,16/07/2019,215.9041,498.6045,215.9041,Jul 29 2019,570634.5363
113175,979385211576,20190730,3687,201907,Residencial,1.0,M,USME,R_1,Residencial,16/07/2019,215.9041,498.6045,215.9041,Jul 30 2019,796038.4167
113176,979385211576,20190731,3378,201907,Residencial,1.0,M,USME,R_1,Residencial,16/07/2019,215.9041,498.6045,215.9041,Jul 31 2019,729324.0498
113177,979385211576,20190801,3884,201908,Residencial,1.0,M,USME,R_1,Residencial,16/08/2019,216.3876,515.5053,216.3876,Aug 01 2019,840449.4384
113178,979385211576,20190802,2790,201908,Residencial,1.0,M,USME,R_1,Residencial,16/08/2019,216.3876,515.5053,216.3876,Aug 02 2019,603721.404
113179,979385211576,20190803,3932,201908,Residencial,1.0,M,USME,R_1,Residencial,16/08/2019,216.3876,515.5053,216.3876,Aug 03 2019,850836.0432
113180,979385211576,20190804,3124,201908,Residencial,1.0,M,USME,R_1,Residencial,16/08/2019,216.3876,515.5053,216.3876,Aug 04 2019,675994.8624
113181,979385211576,20190805,2937,201908,Residencial,1.0,M,USME,R_1,Residencial,16/08/2019,216.3876,515.5053,216.3876,Aug 05 2019,635530.3812
113182,979385211576,20190806,4590,201908,Residencial,1.0,M,USME,R_1,Residencial,16/08/2019,216.3876,515.5053,216.3876,Aug 06 2019,993219.0839999999
113183,979385211576,20190807,4457,201908,Residencial,1.0,M,USME,R_1,Residencial,16/08/2019,216.3876,515.5053,216.3876,Aug 07 2019,964439.5332
113184,979385211576,20190808,4640,201908,Residencial,1.0,M,USME,R_1,Residencial,16/08/2019,216.3876,515.5053,216.3876,Aug 08 2019,1004038.4639999999
113185,979385211576,20190809,2666,201908,Residencial,1.0,M,USME,R_1,Residencial,16/08/2019,216.3876,515.5053,216.3876,Aug 09 2019,576889.3415999999
113186,979385211576,20190810,4078,201908,Residencial,1.0,M,USME,R_1,Residencial,16/08/2019,216.3876,515.5053,216.3876,Aug 10 2019,882428.6328
113187,979385211576,20190811,2290,201908,Residencial,1.0,M,USME,R_1,Residencial,16/08/2019,216.3876,515.5053,216.3876,Aug 11 2019,495527.604
113188,979385211576,20190812,3934,201908,Residencial,1.0,M,USME,R_1,Residencial,16/08/2019,216.3876,515.5053,216.3876,Aug 12 2019,851268.8184
113189,979385211576,20190813,3228,201908,Residencial,1.0,M,USME,R_1,Residencial,16/08/2019,216.3876,515.5053,216.3876,Aug 13 2019,698499.1728
113190,979385211576,20190814,2794,201908,Residencial,1.0,M,USME,R_1,Residencial,16/08/2019,216.3876,515.5053,216.3876,Aug 14 2019,604586.9543999999
113191,979385211576,20190815,5539,201908,Residencial,1.0,M,USME,R_1,Residencial,16/08/2019,216.3876,515.5053,216.3876,Aug 15 2019,1198570.9164
113192,979385211576,20190816,3625,201908,Residencial,1.0,M,USME,R_1,Residencial,16/08/2019,216.3876,515.5053,216.3876,Aug 16 2019,784405.0499999999
113193,979385211576,20190817,5408,201908,Residencial,1.0,M,USME,R_1,Residencial,16/08/2019,216.3876,515.5053,216.3876,Aug 17 2019,1170224.1408
113194,979385211576,20190818,3710,201908,Residencial,1.0,M,USME,R_1,Residencial,16/08/2019,216.3876,515.5053,216.3876,Aug 18 2019,802797.9959999999
113195,979385211576,20190819,4862,201908,Residencial,1.0,M,USME,R_1,Residencial,16/08/2019,216.3876,515.5053,216.3876,Aug 19 2019,1052076.5112
113196,979385211576,20190820,8627,201908,Residencial,1.0,M,USME,R_1,Residencial,16/08/2019,216.3876,515.5053,216.3876,Aug 20 2019,1866775.8251999998
113197,979385211576,20190821,3092,201908,Residencial,1.0,M,USME,R_1,Residencial,16/08/2019,216.3876,515.5053,216.3876,Aug 21 2019,669070.4591999999
113198,979385211576,20190822,4299,201908,Residencial,1.0,M,USME,R_1,Residencial,16/08/2019,216.3876,515.5053,216.3876,Aug 22 2019,930250.2923999999
113199,979385211576,20190823,2556,201908,Residencial,1.0,M,USME,R_1,Residencial,16/08/2019,216.3876,515.5053,216.3876,Aug 23 2019,553086.7056
113200,979385211576,20190824,1843,201908,Residencial,1.0,M,USME,R_1,Residencial,16/08/2019,216.3876,515.5053,216.3876,Aug 24 2019,398802.3468
113201,979385211576,20190825,1447,201908,Residencial,1.0,M,USME,R_1,Residencial,16/08/2019,216.3876,515.5053,216.3876,Aug 25 2019,313112.85719999997
113202,979385211576,20190826,13487,201908,Residencial,1.0,M,USME,R_1,Residencial,16/08/2019,216.3876,515.5053,216.3876,Aug 26 2019,2918419.5612
113203,979385211576,20190827,3458,201908,Residencial,1.0,M,USME,R_1,Residencial,16/08/2019,216.3876,515.5053,216.3876,Aug 27 2019,748268.3208
113204,979385211576,20190828,4388,201908,Residencial,1.0,M,USME,R_1,Residencial,16/08/2019,216.3876,515.5053,216.3876,Aug 28 2019,949508.7888
113205,979385211576,20190829,3843,201908,Residencial,1.0,M,USME,R_1,Residencial,16/08/2019,216.3876,515.5053,216.3876,Aug 29 2019,831577.5468
113206,979385211576,20190830,4723,201908,Residencial,1.0,M,USME,R_1,Residencial,16/08/2019,216.3876,515.5053,216.3876,Aug 30 2019,1021998.6348
113207,979385211576,20190831,5538,201908,Residencial,1.0,M,USME,R_1,Residencial,16/08/2019,216.3876,515.5053,216.3876,Aug 31 2019,1198354.5288
113208,979385211576,20190901,8127,201909,Residencial,1.0,M,USME,R_1,Residencial,17/09/2019,216.5768,519.8748,216.5768,Sep 01 2019,1760119.6535999998
113209,979385211576,20190902,5064,201909,Residencial,1.0,M,USME,R_1,Residencial,17/09/2019,216.5768,519.8748,216.5768,Sep 02 2019,1096744.9152
113210,979385211576,20190903,3722,201909,Residencial,1.0,M,USME,R_1,Residencial,17/09/2019,216.5768,519.8748,216.5768,Sep 03 2019,806098.8496
113211,979385211576,20190904,4673,201909,Residencial,1.0,M,USME,R_1,Residencial,17/09/2019,216.5768,519.8748,216.5768,Sep 04 2019,1012063.3864
113212,979385211576,20190905,3606,201909,Residencial,1.0,M,USME,R_1,Residencial,17/09/2019,216.5768,519.8748,216.5768,Sep 05 2019,780975.9408
113213,979385211576,20190906,3253,201909,Residencial,1.0,M,USME,R_1,Residencial,17/09/2019,216.5768,519.8748,216.5768,Sep 06 2019,704524.3304
113214,979385211576,20190907,6057,201909,Residencial,1.0,M,USME,R_1,Residencial,17/09/2019,216.5768,519.8748,216.5768,Sep 07 2019,1311805.6776
113215,979385211576,20190908,4575,201909,Residencial,1.0,M,USME,R_1,Residencial,17/09/2019,216.5768,519.8748,216.5768,Sep 08 2019,990838.86
113216,979385211576,20190909,3298,201909,Residencial,1.0,M,USME,R_1,Residencial,17/09/2019,216.5768,519.8748,216.5768,Sep 09 2019,714270.2864
113217,979385211576,20190910,5395,201909,Residencial,1.0,M,USME,R_1,Residencial,17/09/2019,216.5768,519.8748,216.5768,Sep 10 2019,1168431.836
113218,979385211576,20190911,5437,201909,Residencial,1.0,M,USME,R_1,Residencial,17/09/2019,216.5768,519.8748,216.5768,Sep 11 2019,1177528.0616
113219,979385211576,20190912,4841,201909,Residencial,1.0,M,USME,R_1,Residencial,17/09/2019,216.5768,519.8748,216.5768,Sep 12 2019,1048448.2888
113220,979385211576,20190913,2851,201909,Residencial,1.0,M,USME,R_1,Residencial,17/09/2019,216.5768,519.8748,216.5768,Sep 13 2019,617460.4567999999
113221,979385211576,20190914,7583,201909,Residencial,1.0,M,USME,R_1,Residencial,17/09/2019,216.5768,519.8748,216.5768,Sep 14 2019,1642301.8743999999
113222,979385211576,20190915,4598,201909,Residencial,1.0,M,USME,R_1,Residencial,17/09/2019,216.5768,519.8748,216.5768,Sep 15 2019,995820.1264
113223,979385211576,20190916,5722,201909,Residencial,1.0,M,USME,R_1,Residencial,17/09/2019,216.5768,519.8748,216.5768,Sep 16 2019,1239252.4496
113224,979385211576,20190917,6155,201909,Residencial,1.0,M,USME,R_1,Residencial,17/09/2019,216.5768,519.8748,216.5768,Sep 17 2019,1333030.204
113225,979385211576,20190918,5375,201909,Residencial,1.0,M,USME,R_1,Residencial,17/09/2019,216.5768,519.8748,216.5768,Sep 18 2019,1164100.3
113226,979385211576,20190919,4299,201909,Residencial,1.0,M,USME,R_1,Residencial,17/09/2019,216.5768,519.8748,216.5768,Sep 19 2019,931063.6632
113227,979385211576,20190920,3049,201909,Residencial,1.0,M,USME,R_1,Residencial,17/09/2019,216.5768,519.8748,216.5768,Sep 20 2019,660342.6632
113228,979385211576,20190921,4409,201909,Residencial,1.0,M,USME,R_1,Residencial,17/09/2019,216.5768,519.8748,216.5768,Sep 21 2019,954887.1111999999
113229,979385211576,20190922,4632,201909,Residencial,1.0,M,USME,R_1,Residencial,17/09/2019,216.5768,519.8748,216.5768,Sep 22 2019,1003183.7376
113230,979385211576,20190923,5836,201909,Residencial,1.0,M,USME,R_1,Residencial,17/09/2019,216.5768,519.8748,216.5768,Sep 23 2019,1263942.2048
113231,979385211576,20190924,4373,201909,Residencial,1.0,M,USME,R_1,Residencial,17/09/2019,216.5768,519.8748,216.5768,Sep 24 2019,947090.3463999999
113232,979385211576,20190925,5294,201909,Residencial,1.0,M,USME,R_1,Residencial,17/09/2019,216.5768,519.8748,216.5768,Sep 25 2019,1146557.5792
113233,979385211576,20190926,4614,201909,Residencial,1.0,M,USME,R_1,Residencial,17/09/2019,216.5768,519.8748,216.5768,Sep 26 2019,999285.3552
113234,979385211576,20190927,5781,201909,Residencial,1.0,M,USME,R_1,Residencial,17/09/2019,216.5768,519.8748,216.5768,Sep 27 2019,1252030.4808
113235,979385211576,20190928,4971,201909,Residencial,1.0,M,USME,R_1,Residencial,17/09/2019,216.5768,519.8748,216.5768,Sep 28 2019,1076603.2728
113236,979385211576,20190929,8823,201909,Residencial,1.0,M,USME,R_1,Residencial,17/09/2019,216.5768,519.8748,216.5768,Sep 29 2019,1910857.1064
113237,979385211576,20190930,5229,201909,Residencial,1.0,M,USME,R_1,Residencial,17/09/2019,216.5768,519.8748,216.5768,Sep 30 2019,1132480.0872
